ID,SKU,Brand,Category,Subcategory,Description_en,Description_ar,Unit,Price_aed,Vendor,Source_url,Photo_url,Lead_time_days,in_stock,Last_verified
1,RAK-MRB-MAXIMUSC-60X60,RAK Ceramics,Tiles,Marble Effect Porcelain,"Maximus Classic marble-effect porcelain floor & wall tile, Polished, 60x60 cm",بلاط بورسلين بتأثير الرخام Maximus Classic، Polished، 60x60 سم,sqm,120,RAK Ceramics,https://onlineshop.rakceramics.com/ae_en/marble-effect-maximus-classic-maximus-classic.html,,5,TRUE,2026-04-28
2,RAK-MRB-MAXIMUSC-60X120,RAK Ceramics,Tiles,Marble Effect Porcelain,"Maximus Classic marble-effect porcelain floor & wall tile, Polished, 60x120 cm",بلاط بورسلين بتأثير الرخام Maximus Classic، Polished، 60x120 سم,sqm,137,RAK Ceramics,https://onlineshop.rakceramics.com/ae_en/marble-effect-maximus-classic-maximus-classic.html,,5,TRUE,2026-04-28
3,RAK-MRB-MAXIMUSC-80X80,RAK Ceramics,Tiles,Marble Effect Porcelain,"Maximus Classic marble-effect porcelain floor & wall tile, Polished, 80x80 cm",بلاط بورسلين بتأثير الرخام Maximus Classic، Polished، 80x80 سم,sqm,151,RAK Ceramics,https://onlineshop.rakceramics.com/ae_en/marble-effect-maximus-classic-maximus-classic.html,,5,TRUE,2026-04-28
4,RAK-MRB-MAXIMUSM-60X60,RAK Ceramics,Tiles,Marble Effect Porcelain,"Maximus Macubas marble-effect porcelain floor & wall tile, Polished, 60x60 cm",بلاط بورسلين بتأثير الرخام Maximus Macubas، Polished، 60x60 سم,sqm,97,RAK Ceramics,https://onlineshop.rakceramics.com/ae_en/marble-effect-maximus-macubas-maximus-macubas.html,,5,TRUE,2026-04-28
5,RAK-MRB-MAXIMUSM-60X120,RAK Ceramics,Tiles,Marble Effect Porcelain,"Maximus Macubas marble-effect porcelain floor & wall tile, Polished, 60x120 cm",بلاط بورسلين بتأثير الرخام Maximus Macubas، Polished، 60x120 سم,sqm,145,RAK Ceramics,https://onlineshop.rakceramics.com/ae_en/marble-effect-maximus-macubas-maximus-macubas.html,,5,TRUE,2026-04-28
6,RAK-MRB-MAXIMUSM-80X80,RAK Ceramics,Tiles,Marble Effect Porcelain,"Maximus Macubas marble-effect porcelain floor & wall tile, Polished, 80x80 cm",بلاط بورسلين بتأثير الرخام Maximus Macubas، Polished، 80x80 سم,sqm,164,RAK Ceramics,https://onlineshop.rakceramics.com/ae_en/marble-effect-maximus-macubas-maximus-macubas.html,,5,TRUE,2026-04-28
7,RAK-MRB-VERSILIA-60X60,RAK Ceramics,Tiles,Marble Effect Porcelain,"Versilia Marble marble-effect porcelain floor & wall tile, Polished, 60x60 cm",بلاط بورسلين بتأثير الرخام Versilia Marble، Polished، 60x60 سم,sqm,88,RAK Ceramics,https://onlineshop.rakceramics.com/ae_en/marble-effect-versilia-marble-versilia-marble.html,,5,TRUE,2026-04-28
8,RAK-MRB-VERSILIA-60X120,RAK Ceramics,Tiles,Marble Effect Porcelain,"Versilia Marble marble-effect porcelain floor & wall tile, Polished, 60x120 cm",بلاط بورسلين بتأثير الرخام Versilia Marble، Polished، 60x120 سم,sqm,136,RAK Ceramics,https://onlineshop.rakceramics.com/ae_en/marble-effect-versilia-marble-versilia-marble.html,,5,TRUE,2026-04-28
9,RAK-MRB-VERSILIA-80X80,RAK Ceramics,Tiles,Marble Effect Porcelain,"Versilia Marble marble-effect porcelain floor & wall tile, Polished, 80x80 cm",بلاط بورسلين بتأثير الرخام Versilia Marble، Polished، 80x80 سم,sqm,184,RAK Ceramics,https://onlineshop.rakceramics.com/ae_en/marble-effect-versilia-marble-versilia-marble.html,,5,TRUE,2026-04-28
10,RAK-MRB-SILKMARB-60X60,RAK Ceramics,Tiles,Marble Effect Porcelain,"Silk Marble marble-effect porcelain floor & wall tile, Polished, 60x60 cm",بلاط بورسلين بتأثير الرخام Silk Marble، Polished، 60x60 سم,sqm,85,RAK Ceramics,https://onlineshop.rakceramics.com/ae_en/marble-effect-silk-marble-silk-marble.html,,5,TRUE,2026-04-28
11,RAK-MRB-SILKMARB-60X120,RAK Ceramics,Tiles,Marble Effect Porcelain,"Silk Marble marble-effect porcelain floor & wall tile, Polished, 60x120 cm",بلاط بورسلين بتأثير الرخام Silk Marble، Polished، 60x120 سم,sqm,167,RAK Ceramics,https://onlineshop.rakceramics.com/ae_en/marble-effect-silk-marble-silk-marble.html,,5,TRUE,2026-04-28
12,RAK-MRB-SILKMARB-80X80,RAK Ceramics,Tiles,Marble Effect Porcelain,"Silk Marble marble-effect porcelain floor & wall tile, Polished, 80x80 cm",بلاط بورسلين بتأثير الرخام Silk Marble، Polished، 80x80 سم,sqm,177,RAK Ceramics,https://onlineshop.rakceramics.com/ae_en/marble-effect-silk-marble-silk-marble.html,,5,TRUE,2026-04-28
13,RAK-MRB-RAINMARB-60X60,RAK Ceramics,Tiles,Marble Effect Porcelain,"Rain Marble marble-effect porcelain floor & wall tile, Polished, 60x60 cm",بلاط بورسلين بتأثير الرخام Rain Marble، Polished، 60x60 سم,sqm,82,RAK Ceramics,https://onlineshop.rakceramics.com/ae_en/marble-effect-rain-marble-rain-marble.html,,5,TRUE,2026-04-28
14,RAK-MRB-RAINMARB-60X120,RAK Ceramics,Tiles,Marble Effect Porcelain,"Rain Marble marble-effect porcelain floor & wall tile, Polished, 60x120 cm",بلاط بورسلين بتأثير الرخام Rain Marble، Polished، 60x120 سم,sqm,131,RAK Ceramics,https://onlineshop.rakceramics.com/ae_en/marble-effect-rain-marble-rain-marble.html,,5,TRUE,2026-04-28
15,RAK-MRB-RAINMARB-80X80,RAK Ceramics,Tiles,Marble Effect Porcelain,"Rain Marble marble-effect porcelain floor & wall tile, Polished, 80x80 cm",بلاط بورسلين بتأثير الرخام Rain Marble، Polished، 80x80 سم,sqm,155,RAK Ceramics,https://onlineshop.rakceramics.com/ae_en/marble-effect-rain-marble-rain-marble.html,,5,TRUE,2026-04-28
16,RAK-MRB-TECHMARB-60X60,RAK Ceramics,Tiles,Marble Effect Porcelain,"Tech Marble marble-effect porcelain floor & wall tile, Polished, 60x60 cm",بلاط بورسلين بتأثير الرخام Tech Marble، Polished، 60x60 سم,sqm,93,RAK Ceramics,https://onlineshop.rakceramics.com/ae_en/marble-effect-tech-marble-tech-marble.html,,5,TRUE,2026-04-28
17,RAK-MRB-TECHMARB-60X120,RAK Ceramics,Tiles,Marble Effect Porcelain,"Tech Marble marble-effect porcelain floor & wall tile, Polished, 60x120 cm",بلاط بورسلين بتأثير الرخام Tech Marble، Polished، 60x120 سم,sqm,144,RAK Ceramics,https://onlineshop.rakceramics.com/ae_en/marble-effect-tech-marble-tech-marble.html,,5,TRUE,2026-04-28
18,RAK-MRB-TECHMARB-80X80,RAK Ceramics,Tiles,Marble Effect Porcelain,"Tech Marble marble-effect porcelain floor & wall tile, Polished, 80x80 cm",بلاط بورسلين بتأثير الرخام Tech Marble، Polished، 80x80 سم,sqm,182,RAK Ceramics,https://onlineshop.rakceramics.com/ae_en/marble-effect-tech-marble-tech-marble.html,,5,TRUE,2026-04-28
19,RAK-MRB-DARKINK-60X60,RAK Ceramics,Tiles,Marble Effect Porcelain,"Dark Ink Marble Effect marble-effect porcelain floor & wall tile, Polished, 60x60 cm",بلاط بورسلين بتأثير الرخام Dark Ink Marble Effect، Polished، 60x60 سم,sqm,118,RAK Ceramics,https://onlineshop.rakceramics.com/ae_en/marble-effect-dark-ink-dark-ink.html,,5,TRUE,2026-04-28
20,RAK-MRB-DARKINK-60X120,RAK Ceramics,Tiles,Marble Effect Porcelain,"Dark Ink Marble Effect marble-effect porcelain floor & wall tile, Polished, 60x120 cm",بلاط بورسلين بتأثير الرخام Dark Ink Marble Effect، Polished، 60x120 سم,sqm,131,RAK Ceramics,https://onlineshop.rakceramics.com/ae_en/marble-effect-dark-ink-dark-ink.html,,5,TRUE,2026-04-28
21,RAK-MRB-DARKINK-80X80,RAK Ceramics,Tiles,Marble Effect Porcelain,"Dark Ink Marble Effect marble-effect porcelain floor & wall tile, Polished, 80x80 cm",بلاط بورسلين بتأثير الرخام Dark Ink Marble Effect، Polished، 80x80 سم,sqm,185,RAK Ceramics,https://onlineshop.rakceramics.com/ae_en/marble-effect-dark-ink-dark-ink.html,,5,TRUE,2026-04-28
22,RAK-MRB-AMANIMAR-60X60,RAK Ceramics,Tiles,Marble Effect Porcelain,"Amani Marble marble-effect porcelain floor & wall tile, Polished, 60x60 cm",بلاط بورسلين بتأثير الرخام Amani Marble، Polished، 60x60 سم,sqm,92,RAK Ceramics,https://onlineshop.rakceramics.com/ae_en/marble-effect-amani-marble-amani-marble.html,,5,TRUE,2026-04-28
23,RAK-MRB-AMANIMAR-60X120,RAK Ceramics,Tiles,Marble Effect Porcelain,"Amani Marble marble-effect porcelain floor & wall tile, Polished, 60x120 cm",بلاط بورسلين بتأثير الرخام Amani Marble، Polished، 60x120 سم,sqm,164,RAK Ceramics,https://onlineshop.rakceramics.com/ae_en/marble-effect-amani-marble-amani-marble.html,,5,TRUE,2026-04-28
24,RAK-MRB-AMANIMAR-80X80,RAK Ceramics,Tiles,Marble Effect Porcelain,"Amani Marble marble-effect porcelain floor & wall tile, Polished, 80x80 cm",بلاط بورسلين بتأثير الرخام Amani Marble، Polished، 80x80 سم,sqm,176,RAK Ceramics,https://onlineshop.rakceramics.com/ae_en/marble-effect-amani-marble-amani-marble.html,,5,TRUE,2026-04-28
25,RAK-MRB-PALISSAN-60X60,RAK Ceramics,Tiles,Marble Effect Porcelain,"Palissandro Marble Effect marble-effect porcelain floor & wall tile, Polished, 60x60 cm",بلاط بورسلين بتأثير الرخام Palissandro Marble Effect، Polished، 60x60 سم,sqm,94,RAK Ceramics,https://onlineshop.rakceramics.com/ae_en/marble-effect-palissandro-palissandro.html,,5,TRUE,2026-04-28
26,RAK-MRB-PALISSAN-60X120,RAK Ceramics,Tiles,Marble Effect Porcelain,"Palissandro Marble Effect marble-effect porcelain floor & wall tile, Polished, 60x120 cm",بلاط بورسلين بتأثير الرخام Palissandro Marble Effect، Polished، 60x120 سم,sqm,158,RAK Ceramics,https://onlineshop.rakceramics.com/ae_en/marble-effect-palissandro-palissandro.html,,5,TRUE,2026-04-28
27,RAK-MRB-PALISSAN-80X80,RAK Ceramics,Tiles,Marble Effect Porcelain,"Palissandro Marble Effect marble-effect porcelain floor & wall tile, Polished, 80x80 cm",بلاط بورسلين بتأثير الرخام Palissandro Marble Effect، Polished، 80x80 سم,sqm,187,RAK Ceramics,https://onlineshop.rakceramics.com/ae_en/marble-effect-palissandro-palissandro.html,,5,TRUE,2026-04-28
28,RAK-MRB-CALACATT-60X60,RAK Ceramics,Tiles,Marble Effect Porcelain,"Calacatta Imperiale Hyper White marble-effect porcelain floor & wall tile, Polished, 60x60 cm",بلاط بورسلين بتأثير الرخام Calacatta Imperiale Hyper White، Polished، 60x60 سم,sqm,97,RAK Ceramics,https://onlineshop.rakceramics.com/ae_en/marble-effect-calacatta-imperiale-hyper-white-calacatta-imperiale-hyper-white.html,,5,TRUE,2026-04-28
29,RAK-MRB-CALACATT-60X120,RAK Ceramics,Tiles,Marble Effect Porcelain,"Calacatta Imperiale Hyper White marble-effect porcelain floor & wall tile, Polished, 60x120 cm",بلاط بورسلين بتأثير الرخام Calacatta Imperiale Hyper White، Polished، 60x120 سم,sqm,130,RAK Ceramics,https://onlineshop.rakceramics.com/ae_en/marble-effect-calacatta-imperiale-hyper-white-calacatta-imperiale-hyper-white.html,,5,TRUE,2026-04-28
30,RAK-MRB-CALACATT-80X80,RAK Ceramics,Tiles,Marble Effect Porcelain,"Calacatta Imperiale Hyper White marble-effect porcelain floor & wall tile, Polished, 80x80 cm",بلاط بورسلين بتأثير الرخام Calacatta Imperiale Hyper White، Polished، 80x80 سم,sqm,160,RAK Ceramics,https://onlineshop.rakceramics.com/ae_en/marble-effect-calacatta-imperiale-hyper-white-calacatta-imperiale-hyper-white.html,,5,TRUE,2026-04-28
31,RAK-CON-ENDORA-60X60,RAK Ceramics,Tiles,Concrete Effect,Endora concrete effect tile 60x60 cm,بلاط Endora بتأثير الخرسانة 60x60 سم,sqm,87,RAK Ceramics,https://onlineshop.rakceramics.com/ae_en/endora.html,,5,TRUE,2026-04-28
32,RAK-CON-ENDORA-60X120,RAK Ceramics,Tiles,Concrete Effect,Endora concrete effect tile 60x120 cm,بلاط Endora بتأثير الخرسانة 60x120 سم,sqm,113,RAK Ceramics,https://onlineshop.rakceramics.com/ae_en/endora.html,,5,TRUE,2026-04-28
33,RAK-CON-ENDORA-30X60,RAK Ceramics,Tiles,Concrete Effect,Endora concrete effect tile 30x60 cm,بلاط Endora بتأثير الخرسانة 30x60 سم,sqm,55,RAK Ceramics,https://onlineshop.rakceramics.com/ae_en/endora.html,,5,TRUE,2026-04-28
34,RAK-CON-ENDLESS-60X60,RAK Ceramics,Tiles,Concrete Effect,Endless concrete effect tile 60x60 cm,بلاط Endless بتأثير الخرسانة 60x60 سم,sqm,73,RAK Ceramics,https://onlineshop.rakceramics.com/ae_en/endless.html,,5,TRUE,2026-04-28
35,RAK-CON-ENDLESS-60X120,RAK Ceramics,Tiles,Concrete Effect,Endless concrete effect tile 60x120 cm,بلاط Endless بتأثير الخرسانة 60x120 سم,sqm,104,RAK Ceramics,https://onlineshop.rakceramics.com/ae_en/endless.html,,5,TRUE,2026-04-28
36,RAK-CON-ENDLESS-30X60,RAK Ceramics,Tiles,Concrete Effect,Endless concrete effect tile 30x60 cm,بلاط Endless بتأثير الخرسانة 30x60 سم,sqm,51,RAK Ceramics,https://onlineshop.rakceramics.com/ae_en/endless.html,,5,TRUE,2026-04-28
37,RAK-CON-BRAID-60X60,RAK Ceramics,Tiles,Concrete Effect,Braid concrete effect tile 60x60 cm,بلاط Braid بتأثير الخرسانة 60x60 سم,sqm,95,RAK Ceramics,https://onlineshop.rakceramics.com/ae_en/braid.html,,5,TRUE,2026-04-28
38,RAK-CON-BRAID-60X120,RAK Ceramics,Tiles,Concrete Effect,Braid concrete effect tile 60x120 cm,بلاط Braid بتأثير الخرسانة 60x120 سم,sqm,124,RAK Ceramics,https://onlineshop.rakceramics.com/ae_en/braid.html,,5,TRUE,2026-04-28
39,RAK-CON-BRAID-30X60,RAK Ceramics,Tiles,Concrete Effect,Braid concrete effect tile 30x60 cm,بلاط Braid بتأثير الخرسانة 30x60 سم,sqm,55,RAK Ceramics,https://onlineshop.rakceramics.com/ae_en/braid.html,,5,TRUE,2026-04-28
40,RAK-CON-IRONTILE-60X60,RAK Ceramics,Tiles,Concrete Effect,Iron concrete effect tile 60x60 cm,بلاط Iron بتأثير الخرسانة 60x60 سم,sqm,68,RAK Ceramics,https://onlineshop.rakceramics.com/ae_en/iron-tile-collection.html,,5,TRUE,2026-04-28
41,RAK-CON-IRONTILE-60X120,RAK Ceramics,Tiles,Concrete Effect,Iron concrete effect tile 60x120 cm,بلاط Iron بتأثير الخرسانة 60x120 سم,sqm,102,RAK Ceramics,https://onlineshop.rakceramics.com/ae_en/iron-tile-collection.html,,5,TRUE,2026-04-28
42,RAK-CON-IRONTILE-30X60,RAK Ceramics,Tiles,Concrete Effect,Iron concrete effect tile 30x60 cm,بلاط Iron بتأثير الخرسانة 30x60 سم,sqm,57,RAK Ceramics,https://onlineshop.rakceramics.com/ae_en/iron-tile-collection.html,,5,TRUE,2026-04-28
43,RAK-CON-OROBICOC-60X60,RAK Ceramics,Tiles,Stone Effect Porcelain,Orobico stone effect porcelain tile 60x60 cm,بلاط Orobico بتأثير الخرسانة 60x60 سم,sqm,68,RAK Ceramics,https://onlineshop.rakceramics.com/ae_en/orobico-collection.html,,5,TRUE,2026-04-28
44,RAK-CON-OROBICOC-60X120,RAK Ceramics,Tiles,Stone Effect Porcelain,Orobico stone effect porcelain tile 60x120 cm,بلاط Orobico بتأثير الخرسانة 60x120 سم,sqm,111,RAK Ceramics,https://onlineshop.rakceramics.com/ae_en/orobico-collection.html,,5,TRUE,2026-04-28
45,RAK-CON-OROBICOC-30X60,RAK Ceramics,Tiles,Stone Effect Porcelain,Orobico stone effect porcelain tile 30x60 cm,بلاط Orobico بتأثير الخرسانة 30x60 سم,sqm,72,RAK Ceramics,https://onlineshop.rakceramics.com/ae_en/orobico-collection.html,,5,TRUE,2026-04-28
46,RAK-CON-STONEEFF-60X60,RAK Ceramics,Tiles,Outdoor Porcelain,Outdoor Stone Effect outdoor porcelain tile 60x60 cm,بلاط Outdoor Stone Effect بتأثير الخرسانة 60x60 سم,sqm,76,RAK Ceramics,https://onlineshop.rakceramics.com/ae_en/stone-effect-outdoor-collection.html,,5,TRUE,2026-04-28
47,RAK-CON-STONEEFF-60X120,RAK Ceramics,Tiles,Outdoor Porcelain,Outdoor Stone Effect outdoor porcelain tile 60x120 cm,بلاط Outdoor Stone Effect بتأثير الخرسانة 60x120 سم,sqm,119,RAK Ceramics,https://onlineshop.rakceramics.com/ae_en/stone-effect-outdoor-collection.html,,5,TRUE,2026-04-28
48,RAK-CON-STONEEFF-30X60,RAK Ceramics,Tiles,Outdoor Porcelain,Outdoor Stone Effect outdoor porcelain tile 30x60 cm,بلاط Outdoor Stone Effect بتأثير الخرسانة 30x60 سم,sqm,53,RAK Ceramics,https://onlineshop.rakceramics.com/ae_en/stone-effect-outdoor-collection.html,,5,TRUE,2026-04-28
49,RAK-CON-800SERIE-60X60,RAK Ceramics,Tiles,Glazed Porcelain,800 Series glazed porcelain tile 60x60 cm,بلاط 800 Series بتأثير الخرسانة 60x60 سم,sqm,90,RAK Ceramics,https://onlineshop.rakceramics.com/ae_en/800-series.html,,5,TRUE,2026-04-28
50,RAK-CON-800SERIE-60X120,RAK Ceramics,Tiles,Glazed Porcelain,800 Series glazed porcelain tile 60x120 cm,بلاط 800 Series بتأثير الخرسانة 60x120 سم,sqm,101,RAK Ceramics,https://onlineshop.rakceramics.com/ae_en/800-series.html,,5,TRUE,2026-04-28
51,RAK-ES-01-LIQUIDME-60X120,RAK Ceramics (Elie Saab),Tiles,Designer Collection,"Elie Saab Surface — Liquid Metal Black Concrete, large-format porcelain 60x120 cm",إيلي صعب — Liquid Metal Black Concrete، بورسلين كبير الحجم 60x120 سم,sqm,233,RAK Ceramics,https://onlineshop.rakceramics.com/ae_en/liquid-metal-black-concrete.html,,10,TRUE,2026-04-28
52,RAK-ES-01-LIQUIDME-120X240,RAK Ceramics (Elie Saab),Tiles,Designer Collection,"Elie Saab Surface — Liquid Metal Black Concrete, large-format porcelain 120x240 cm",إيلي صعب — Liquid Metal Black Concrete، بورسلين كبير الحجم 120x240 سم,sqm,433,RAK Ceramics,https://onlineshop.rakceramics.com/ae_en/liquid-metal-black-concrete.html,,10,TRUE,2026-04-28
53,RAK-ES-02-ROYALDAR-60X120,RAK Ceramics (Elie Saab),Tiles,Designer Collection,"Elie Saab Surface — Royal Dark Textile, large-format porcelain 60x120 cm",إيلي صعب — Royal Dark Textile، بورسلين كبير الحجم 60x120 سم,sqm,190,RAK Ceramics,https://onlineshop.rakceramics.com/ae_en/royal-dark-textile.html,,10,TRUE,2026-04-28
54,RAK-ES-02-ROYALDAR-120X240,RAK Ceramics (Elie Saab),Tiles,Designer Collection,"Elie Saab Surface — Royal Dark Textile, large-format porcelain 120x240 cm",إيلي صعب — Royal Dark Textile، بورسلين كبير الحجم 120x240 سم,sqm,413,RAK Ceramics,https://onlineshop.rakceramics.com/ae_en/royal-dark-textile.html,,10,TRUE,2026-04-28
55,RAK-ES-03-GLAMOURB-60X120,RAK Ceramics (Elie Saab),Tiles,Designer Collection,"Elie Saab Surface — Glamour Black Cafe, large-format porcelain 60x120 cm",إيلي صعب — Glamour Black Cafe، بورسلين كبير الحجم 60x120 سم,sqm,185,RAK Ceramics,https://onlineshop.rakceramics.com/ae_en/glamour-black-cafe.html,,10,TRUE,2026-04-28
56,RAK-ES-03-GLAMOURB-120X240,RAK Ceramics (Elie Saab),Tiles,Designer Collection,"Elie Saab Surface — Glamour Black Cafe, large-format porcelain 120x240 cm",إيلي صعب — Glamour Black Cafe، بورسلين كبير الحجم 120x240 سم,sqm,435,RAK Ceramics,https://onlineshop.rakceramics.com/ae_en/glamour-black-cafe.html,,10,TRUE,2026-04-28
57,RAK-ES-04-LIQUIDME-60X120,RAK Ceramics (Elie Saab),Tiles,Designer Collection,"Elie Saab Surface — Liquid Metal Gold, large-format porcelain 60x120 cm",إيلي صعب — Liquid Metal Gold، بورسلين كبير الحجم 60x120 سم,sqm,212,RAK Ceramics,https://onlineshop.rakceramics.com/ae_en/liquid-metal-gold.html,,10,TRUE,2026-04-28
58,RAK-ES-04-LIQUIDME-120X240,RAK Ceramics (Elie Saab),Tiles,Designer Collection,"Elie Saab Surface — Liquid Metal Gold, large-format porcelain 120x240 cm",إيلي صعب — Liquid Metal Gold، بورسلين كبير الحجم 120x240 سم,sqm,411,RAK Ceramics,https://onlineshop.rakceramics.com/ae_en/liquid-metal-gold.html,,10,TRUE,2026-04-28
59,RAK-ES-05-ROYALLIG-60X120,RAK Ceramics (Elie Saab),Tiles,Designer Collection,"Elie Saab Surface — Royal Light Stone, large-format porcelain 60x120 cm",إيلي صعب — Royal Light Stone، بورسلين كبير الحجم 60x120 سم,sqm,199,RAK Ceramics,https://onlineshop.rakceramics.com/ae_en/royal-light.html,,10,TRUE,2026-04-28
60,RAK-ES-05-ROYALLIG-120X240,RAK Ceramics (Elie Saab),Tiles,Designer Collection,"Elie Saab Surface — Royal Light Stone, large-format porcelain 120x240 cm",إيلي صعب — Royal Light Stone، بورسلين كبير الحجم 120x240 سم,sqm,373,RAK Ceramics,https://onlineshop.rakceramics.com/ae_en/royal-light.html,,10,TRUE,2026-04-28
61,RAK-WB-KR0101,RAK Ceramics,Sanitaryware,Wash Basin,"Countertop Washbasin, vitreous china, white",حوض غسيل Countertop Washbasin، خزف، أبيض,pcs,649,RAK Ceramics,https://onlineshop.rakceramics.com/ae_en/bathroom-kitchen/wash-basins/countertop.html,,5,TRUE,2026-04-28
62,RAK-WB-OC07AA,RAK Ceramics,Sanitaryware,Wash Basin,"Countertop Washbasin Oval, vitreous china, white",حوض غسيل Countertop Washbasin Oval، خزف، أبيض,pcs,949,RAK Ceramics,https://onlineshop.rakceramics.com/ae_en/bathroom-kitchen/wash-basins/countertop.html,,5,TRUE,2026-04-28
63,RAK-WB-TN0201,RAK Ceramics,Sanitaryware,Wash Basin,"Pedestal Washbasin Standard, vitreous china, white",حوض غسيل Pedestal Washbasin Standard، خزف، أبيض,pcs,1099,RAK Ceramics,https://onlineshop.rakceramics.com/ae_en/bathroom-kitchen/wash-basins/pedestal-washbasin.html,,5,TRUE,2026-04-28
64,RAK-WB-MO0301,RAK Ceramics,Sanitaryware,Wash Basin,"Half Pedestal Washbasin, vitreous china, white",حوض غسيل Half Pedestal Washbasin، خزف، أبيض,pcs,749,RAK Ceramics,https://onlineshop.rakceramics.com/ae_en/bathroom-kitchen/wash-basins/pedestal-washbasin.html,,5,TRUE,2026-04-28
65,RAK-WB-CR4001,RAK Ceramics,Sanitaryware,Wash Basin,"Under-counter Washbasin, vitreous china, white",حوض غسيل Under-counter Washbasin، خزف، أبيض,pcs,949,RAK Ceramics,https://onlineshop.rakceramics.com/ae_en/bathroom-kitchen/wash-basins/under-counter.html,,5,TRUE,2026-04-28
66,RAK-WB-SF0501,RAK Ceramics,Sanitaryware,Wash Basin,"Under-counter Rectangle, vitreous china, white",حوض غسيل Under-counter Rectangle، خزف، أبيض,pcs,749,RAK Ceramics,https://onlineshop.rakceramics.com/ae_en/bathroom-kitchen/wash-basins/under-counter.html,,5,TRUE,2026-04-28
67,RAK-WB-DI0601,RAK Ceramics,Sanitaryware,Wash Basin,"Drop-in Washbasin, vitreous china, white",حوض غسيل Drop-in Washbasin، خزف، أبيض,pcs,1399,RAK Ceramics,https://onlineshop.rakceramics.com/ae_en/bathroom-kitchen/wash-basins/drop-in.html,,5,TRUE,2026-04-28
68,RAK-WB-VL0701,RAK Ceramics,Sanitaryware,Wash Basin,"Wall-mounted Washbasin (no tap hole), vitreous china, white",حوض غسيل Wall-mounted Washbasin (no tap hole)، خزف، أبيض,pcs,1099,RAK Ceramics,https://onlineshop.rakceramics.com/ae_en/bathroom-kitchen/wash-basins/wall-mounted.html,,5,TRUE,2026-04-28
69,RAK-WB-HR0801,RAK Ceramics,Sanitaryware,Wash Basin,"Wall-mounted Washbasin (1 tap hole), vitreous china, white",حوض غسيل Wall-mounted Washbasin (1 tap hole)، خزف، أبيض,pcs,1599,RAK Ceramics,https://onlineshop.rakceramics.com/ae_en/bathroom-kitchen/wash-basins/wall-mounted.html,,5,TRUE,2026-04-28
70,RAK-WB-CM0901,RAK Ceramics,Sanitaryware,Wash Basin,"Wall-mounted Washbasin Compact, vitreous china, white",حوض غسيل Wall-mounted Washbasin Compact، خزف، أبيض,pcs,1249,RAK Ceramics,https://onlineshop.rakceramics.com/ae_en/bathroom-kitchen/wash-basins/wall-mounted.html,,5,TRUE,2026-04-28
71,RAK-WB-VS1001,RAK Ceramics,Sanitaryware,Wash Basin,"Counter Top Vessel Basin, vitreous china, white",حوض غسيل Counter Top Vessel Basin، خزف، أبيض,pcs,849,RAK Ceramics,https://onlineshop.rakceramics.com/ae_en/bathroom-kitchen/wash-basins/countertop.html,,5,TRUE,2026-04-28
72,RAK-WB-FP1101,RAK Ceramics,Sanitaryware,Wash Basin,"Full Pedestal Washbasin, vitreous china, white",حوض غسيل Full Pedestal Washbasin، خزف، أبيض,pcs,1249,RAK Ceramics,https://onlineshop.rakceramics.com/ae_en/bathroom-kitchen/wash-basins/pedestal-washbasin.html,,5,TRUE,2026-04-28
73,RAK-WC-1101,RAK Ceramics,Sanitaryware,Water Closet,"Compact Wall-hung WC, water-saving 4.5/3L dual flush, white",مرحاض Compact Wall-hung WC، شطف مزدوج 4.5/3 لتر، أبيض,pcs,1399,RAK Ceramics,https://onlineshop.rakceramics.com/ae_en/bathroom-kitchen/water-closets.html,,5,TRUE,2026-04-28
74,RAK-WC-1102,RAK Ceramics,Sanitaryware,Water Closet,"Wall-hung WC Rimless, water-saving 4.5/3L dual flush, white",مرحاض Wall-hung WC Rimless، شطف مزدوج 4.5/3 لتر، أبيض,pcs,1599,RAK Ceramics,https://onlineshop.rakceramics.com/ae_en/bathroom-kitchen/water-closets.html,,5,TRUE,2026-04-28
75,RAK-WC-1103,RAK Ceramics,Sanitaryware,Water Closet,"S-trap Floor-mounted WC, water-saving 4.5/3L dual flush, white",مرحاض S-trap Floor-mounted WC، شطف مزدوج 4.5/3 لتر، أبيض,pcs,949,RAK Ceramics,https://onlineshop.rakceramics.com/ae_en/bathroom-kitchen/water-closets.html,,5,TRUE,2026-04-28
76,RAK-WC-1104,RAK Ceramics,Sanitaryware,Water Closet,"P-trap Floor-mounted WC, water-saving 4.5/3L dual flush, white",مرحاض P-trap Floor-mounted WC، شطف مزدوج 4.5/3 لتر، أبيض,pcs,949,RAK Ceramics,https://onlineshop.rakceramics.com/ae_en/bathroom-kitchen/water-closets.html,,5,TRUE,2026-04-28
77,RAK-WC-1105,RAK Ceramics,Sanitaryware,Water Closet,"Close-coupled WC, water-saving 4.5/3L dual flush, white",مرحاض Close-coupled WC، شطف مزدوج 4.5/3 لتر، أبيض,pcs,1199,RAK Ceramics,https://onlineshop.rakceramics.com/ae_en/bathroom-kitchen/water-closets.html,,5,TRUE,2026-04-28
78,RAK-WC-1106,RAK Ceramics,Sanitaryware,Water Closet,"One-piece WC, water-saving 4.5/3L dual flush, white",مرحاض One-piece WC، شطف مزدوج 4.5/3 لتر، أبيض,pcs,1899,RAK Ceramics,https://onlineshop.rakceramics.com/ae_en/bathroom-kitchen/water-closets.html,,5,TRUE,2026-04-28
79,RAK-WC-1107,RAK Ceramics,Sanitaryware,Water Closet,"Concealed Cistern WC Set, water-saving 4.5/3L dual flush, white",مرحاض Concealed Cistern WC Set، شطف مزدوج 4.5/3 لتر، أبيض,pcs,2199,RAK Ceramics,https://onlineshop.rakceramics.com/ae_en/bathroom-kitchen/water-closets.html,,5,TRUE,2026-04-28
80,RAK-WC-1108,RAK Ceramics,Sanitaryware,Water Closet,"Smart Bidet WC, water-saving 4.5/3L dual flush, white",مرحاض Smart Bidet WC، شطف مزدوج 4.5/3 لتر، أبيض,pcs,4499,RAK Ceramics,https://onlineshop.rakceramics.com/ae_en/bathroom-kitchen/water-closets.html,,5,TRUE,2026-04-28
81,RAK-ES-FB01,RAK Ceramics (Elie Saab),Sanitaryware,Designer Free-standing Basin,Elie Saab Free-Standing Basin Carrara,حوض إيلي صعب أرضي Elie Saab Free-Standing Basin Carrara,pcs,3599,RAK Ceramics,https://onlineshop.rakceramics.com/ae_en/elie-saab/bathroom/wash-basins/free-standing.html,,14,TRUE,2026-04-28
82,RAK-ES-FB02,RAK Ceramics (Elie Saab),Sanitaryware,Designer Free-standing Basin,Elie Saab Free-Standing Basin Calacatta,حوض إيلي صعب أرضي Elie Saab Free-Standing Basin Calacatta,pcs,3199,RAK Ceramics,https://onlineshop.rakceramics.com/ae_en/elie-saab/bathroom/wash-basins/free-standing.html,,14,TRUE,2026-04-28
83,RAK-ES-FB03,RAK Ceramics (Elie Saab),Sanitaryware,Designer Free-standing Basin,Elie Saab Free-Standing Basin Glamour Black,حوض إيلي صعب أرضي Elie Saab Free-Standing Basin Glamour Black,pcs,4949,RAK Ceramics,https://onlineshop.rakceramics.com/ae_en/elie-saab/bathroom/wash-basins/free-standing.html,,14,TRUE,2026-04-28
84,RAK-ES-FB04,RAK Ceramics (Elie Saab),Sanitaryware,Designer Free-standing Basin,Elie Saab Free-Standing Basin Royal Dark,حوض إيلي صعب أرضي Elie Saab Free-Standing Basin Royal Dark,pcs,3599,RAK Ceramics,https://onlineshop.rakceramics.com/ae_en/elie-saab/bathroom/wash-basins/free-standing.html,,14,TRUE,2026-04-28
85,RAK-ES-FB05,RAK Ceramics (Elie Saab),Sanitaryware,Designer Free-standing Basin,Elie Saab Free-Standing Basin Liquid Metal,حوض إيلي صعب أرضي Elie Saab Free-Standing Basin Liquid Metal,pcs,4949,RAK Ceramics,https://onlineshop.rakceramics.com/ae_en/elie-saab/bathroom/wash-basins/free-standing.html,,14,TRUE,2026-04-28
86,RAK-KLD-RAK11002,KLUDI RAK,Faucets & Mixers,PROJECT Range,KLUDI RAK PROJECT — Single lever bath & shower mixer,خلاط كلودي راك PROJECT — Single lever bath & shower mixer,pcs,750,RAK Ceramics,https://onlineshop.rakceramics.com/ae_en/project-rak11002.html,,7,TRUE,2026-04-28
87,RAK-KLD-RAK11005,KLUDI RAK,Faucets & Mixers,PROJECT Range,KLUDI RAK PROJECT — Single lever shower mixer,خلاط كلودي راك PROJECT — Single lever shower mixer,pcs,590,RAK Ceramics,https://onlineshop.rakceramics.com/ae_en/project-rak11005.html,,7,TRUE,2026-04-28
88,RAK-KLD-RAK10028,KLUDI RAK,Faucets & Mixers,POLARIS Range,KLUDI RAK POLARIS — Wall-mounted single lever sink mixer,خلاط كلودي راك POLARIS — Wall-mounted single lever sink mixer,pcs,695,RAK Ceramics,https://onlineshop.rakceramics.com/ae_en/polaris-rak10028.html,,7,TRUE,2026-04-28
89,RAK-KLD-525900575,KLUDI RAK,Faucets & Mixers,KLUDI BALANCE Range,KLUDI RAK KLUDI BALANCE — Bath & shower mixer floor-standing for freestanding tub,خلاط كلودي راك KLUDI BALANCE — Bath & shower mixer floor-standing for freestanding tub,pcs,5950,RAK Ceramics,https://onlineshop.rakceramics.com/ae_en/kludi-balance-525900575.html,,7,TRUE,2026-04-28
90,RAK-KLD-526500575,KLUDI RAK,Faucets & Mixers,KLUDI BALANCE Range,KLUDI RAK KLUDI BALANCE — Concealed bath/shower mixer trim set,خلاط كلودي راك KLUDI BALANCE — Concealed bath/shower mixer trim set,pcs,1849,RAK Ceramics,https://onlineshop.rakceramics.com/ae_en/kludi-balance-526500575.html,,7,TRUE,2026-04-28
91,RAK-KLD-535900575,KLUDI RAK,Faucets & Mixers,KLUDI AMBA Range,KLUDI RAK KLUDI AMBA — Bath & shower mixer floor-standing,خلاط كلودي راك KLUDI AMBA — Bath & shower mixer floor-standing,pcs,5499,RAK Ceramics,https://onlineshop.rakceramics.com/ae_en/kludi-amba-535900575.html,,7,TRUE,2026-04-28
92,RAK-KLD-RAK16003-BK1,KLUDI RAK,Faucets & Mixers,SWING Range,KLUDI RAK SWING — Single lever shower mixer PVD black,خلاط كلودي راك SWING — Single lever shower mixer PVD black,pcs,1095,RAK Ceramics,https://onlineshop.rakceramics.com/ae_en/swing-rak16003-bk1.html,,7,TRUE,2026-04-28
93,RAK-KLD-6764005-00,KLUDI RAK,Faucets & Mixers,KLUDI FIZZ Range,KLUDI RAK KLUDI FIZZ — Shower set 1S DN15,خلاط كلودي راك KLUDI FIZZ — Shower set 1S DN15,pcs,449,RAK Ceramics,https://onlineshop.rakceramics.com/ae_en/kludi-fizz-6764005-00.html,,7,TRUE,2026-04-28
94,RAK-KLD-6442505-00,KLUDI RAK,Faucets & Mixers,KLUDI A-QA Range,KLUDI RAK KLUDI A-QA — Head shower 1S 250 mm DN15,خلاط كلودي راك KLUDI A-QA — Head shower 1S 250 mm DN15,pcs,525,RAK Ceramics,https://onlineshop.rakceramics.com/ae_en/kludi-a-qa-6442505-00.html,,7,TRUE,2026-04-28
95,RAK-KLD-RAK12001,KLUDI RAK,Faucets & Mixers,PROJECT Range,KLUDI RAK PROJECT — Single lever basin mixer,خلاط كلودي راك PROJECT — Single lever basin mixer,pcs,395,RAK Ceramics,https://onlineshop.rakceramics.com/ae_en/project-rak12001.html,,7,TRUE,2026-04-28
96,RAK-KLD-RAK12002,KLUDI RAK,Faucets & Mixers,PROJECT Range,KLUDI RAK PROJECT — Concealed basin mixer,خلاط كلودي راك PROJECT — Concealed basin mixer,pcs,549,RAK Ceramics,https://onlineshop.rakceramics.com/ae_en/project-rak12002.html,,7,TRUE,2026-04-28
97,RAK-KLD-RAK13001,KLUDI RAK,Faucets & Mixers,POLARIS Range,KLUDI RAK POLARIS — Single lever bidet mixer,خلاط كلودي راك POLARIS — Single lever bidet mixer,pcs,645,RAK Ceramics,https://onlineshop.rakceramics.com/ae_en/polaris-rak13001.html,,7,TRUE,2026-04-28
98,RAK-KLD-RAK14001,KLUDI RAK,Faucets & Mixers,SWING Range,KLUDI RAK SWING — Single lever basin mixer chrome,خلاط كلودي راك SWING — Single lever basin mixer chrome,pcs,825,RAK Ceramics,https://onlineshop.rakceramics.com/ae_en/swing-rak14001.html,,7,TRUE,2026-04-28
99,RAK-KLD-RAK15001,KLUDI RAK,Faucets & Mixers,PROJECT Range,KLUDI RAK PROJECT — Kitchen mixer single lever,خلاط كلودي راك PROJECT — Kitchen mixer single lever,pcs,695,RAK Ceramics,https://onlineshop.rakceramics.com/ae_en/project-rak15001.html,,7,TRUE,2026-04-28
100,RAK-KLD-RAK15002,KLUDI RAK,Faucets & Mixers,POLARIS Range,KLUDI RAK POLARIS — Kitchen mixer pull-out spray,خلاط كلودي راك POLARIS — Kitchen mixer pull-out spray,pcs,1149,RAK Ceramics,https://onlineshop.rakceramics.com/ae_en/polaris-rak15002.html,,7,TRUE,2026-04-28
101,DH-TIL-1401,Indian Milano,Tiles,Wood-effect Floor,"Indian Milano Wooden Floor Tile Aston Silver Matt, 20X120 cm","Indian Milano Wooden Floor Tile Aston Silver Matt, 20X120 سم",sqm,48,Danube Home,https://www.danubehome.com/ae/en/c/tiles-and-bricks,,5,TRUE,2026-04-28
102,DH-TIL-1402,Indian Milano,Tiles,Wood-effect Floor,"Indian Milano Wooden Floor Tile Aston Beige Matt, 20X120 cm","Indian Milano Wooden Floor Tile Aston Beige Matt, 20X120 سم",sqm,52,Danube Home,https://www.danubehome.com/ae/en/c/tiles-and-bricks,,5,TRUE,2026-04-28
103,DH-TIL-1403,Indian Milano,Tiles,Wood-effect Floor,"Indian Milano Wooden Floor Tile Oak Natural Matt, 20X120 cm","Indian Milano Wooden Floor Tile Oak Natural Matt, 20X120 سم",sqm,55,Danube Home,https://www.danubehome.com/ae/en/c/tiles-and-bricks,,5,TRUE,2026-04-28
104,DH-TIL-1404,Argenta,Tiles,Wood-effect Floor,"Spain Argenta Wooden Floor Tile Oland Honey Rustic, 23X120 cm","Spain Argenta Wooden Floor Tile Oland Honey Rustic, 23X120 سم",sqm,85,Danube Home,https://www.danubehome.com/ae/en/c/tiles-and-bricks,,5,TRUE,2026-04-28
105,DH-TIL-1405,Argenta,Tiles,Wood-effect Floor,"Spain Argenta Wooden Floor Tile Oland Walnut Rustic, 23X120 cm","Spain Argenta Wooden Floor Tile Oland Walnut Rustic, 23X120 سم",sqm,89,Danube Home,https://www.danubehome.com/ae/en/c/tiles-and-bricks,,5,TRUE,2026-04-28
106,DH-TIL-1406,Indian Milano,Tiles,Ceramic Floor,"Indian Milano Ceramic Floor Tile Terrazzo Crema F Matt, 30X30 cm","Indian Milano Ceramic Floor Tile Terrazzo Crema F Matt, 30X30 سم",sqm,24,Danube Home,https://www.danubehome.com/ae/en/c/tiles-and-bricks,,5,TRUE,2026-04-28
107,DH-TIL-1407,Indian Milano,Tiles,Ceramic Floor,"Indian Milano Ceramic Floor Tile Terrazzo Grigio Matt, 30X30 cm","Indian Milano Ceramic Floor Tile Terrazzo Grigio Matt, 30X30 سم",sqm,26,Danube Home,https://www.danubehome.com/ae/en/c/tiles-and-bricks,,5,TRUE,2026-04-28
108,DH-TIL-1408,Indian Milano,Tiles,Wall Tile,"Indian Milano Ceramic Wall Tile Paros Decor Glossy, 30X60 cm","Indian Milano Ceramic Wall Tile Paros Decor Glossy, 30X60 سم",sqm,35,Danube Home,https://www.danubehome.com/ae/en/c/tiles-and-bricks,,5,TRUE,2026-04-28
109,DH-TIL-1409,Indian Milano,Tiles,Wall Tile,"Indian Milano Ceramic Wall Tile Absolute Bianco Glossy, 30X90 cm","Indian Milano Ceramic Wall Tile Absolute Bianco Glossy, 30X90 سم",sqm,38,Danube Home,https://www.danubehome.com/ae/en/c/tiles-and-bricks,,5,TRUE,2026-04-28
110,DH-TIL-1410,Indian Milano,Tiles,Wall Tile,"Indian Milano Ceramic Wall Tile Absolute Nero Glossy, 30X90 cm","Indian Milano Ceramic Wall Tile Absolute Nero Glossy, 30X90 سم",sqm,40,Danube Home,https://www.danubehome.com/ae/en/c/tiles-and-bricks,,5,TRUE,2026-04-28
111,DH-TIL-1411,Argenta,Tiles,Marble-effect Floor,"Spain Marble Look Calacatta Polished, 60X60 cm","Spain Marble Look Calacatta Polished, 60X60 سم",sqm,79,Danube Home,https://www.danubehome.com/ae/en/c/tiles-and-bricks,,5,TRUE,2026-04-28
112,DH-TIL-1412,Argenta,Tiles,Marble-effect Floor,"Spain Marble Look Statuario Polished, 60X120 cm","Spain Marble Look Statuario Polished, 60X120 سم",sqm,129,Danube Home,https://www.danubehome.com/ae/en/c/tiles-and-bricks,,5,TRUE,2026-04-28
113,DH-TIL-1413,Indian Milano,Tiles,Wall Tile,"Indian Milano Bathroom Tile Subway Glossy White, 10X30 cm","Indian Milano Bathroom Tile Subway Glossy White, 10X30 سم",sqm,22,Danube Home,https://www.danubehome.com/ae/en/c/tiles-and-bricks,,5,TRUE,2026-04-28
114,DH-TIL-1414,Indian Milano,Tiles,Wall Tile,"Indian Milano Bathroom Tile Subway Glossy Grey, 10X30 cm","Indian Milano Bathroom Tile Subway Glossy Grey, 10X30 سم",sqm,24,Danube Home,https://www.danubehome.com/ae/en/c/tiles-and-bricks,,5,TRUE,2026-04-28
115,DH-TIL-1415,Indian Milano,Tiles,Outdoor Floor,"Indian Milano Outdoor Tile Stone Effect Beige, 60X60 cm","Indian Milano Outdoor Tile Stone Effect Beige, 60X60 سم",sqm,65,Danube Home,https://www.danubehome.com/ae/en/c/tiles-and-bricks,,5,TRUE,2026-04-28
116,DH-TIL-1416,Indian Milano,Tiles,Outdoor Floor,"Indian Milano Outdoor Tile Stone Effect Grey, 60X60 cm","Indian Milano Outdoor Tile Stone Effect Grey, 60X60 سم",sqm,65,Danube Home,https://www.danubehome.com/ae/en/c/tiles-and-bricks,,5,TRUE,2026-04-28
117,DH-TIL-1417,Argenta,Tiles,Concrete-effect Floor,"Spain Argenta Porcelain Concrete Effect Grigio, 60X60 cm","Spain Argenta Porcelain Concrete Effect Grigio, 60X60 سم",sqm,89,Danube Home,https://www.danubehome.com/ae/en/c/tiles-and-bricks,,5,TRUE,2026-04-28
118,DH-TIL-1418,Argenta,Tiles,Concrete-effect Floor,"Spain Argenta Porcelain Concrete Effect Bianco, 60X120 cm","Spain Argenta Porcelain Concrete Effect Bianco, 60X120 سم",sqm,145,Danube Home,https://www.danubehome.com/ae/en/c/tiles-and-bricks,,5,TRUE,2026-04-28
119,DH-TIL-1419,Indian Milano,Tiles,Mosaic,"Indian Milano Mosaic Tile Hex White, 30X30 cm","Indian Milano Mosaic Tile Hex White, 30X30 سم",sqm,49,Danube Home,https://www.danubehome.com/ae/en/c/tiles-and-bricks,,5,TRUE,2026-04-28
120,DH-TIL-1420,Indian Milano,Tiles,Mosaic,"Indian Milano Mosaic Tile Hex Black, 30X30 cm","Indian Milano Mosaic Tile Hex Black, 30X30 سم",sqm,49,Danube Home,https://www.danubehome.com/ae/en/c/tiles-and-bricks,,5,TRUE,2026-04-28
121,DH-TIL-1421,Indian Milano,Tiles,Parquet Flooring,"Indian Milano Parquet Wood Floor Oak Light, Plank cm","Indian Milano Parquet Wood Floor Oak Light, Plank سم",pcs,89,Danube Home,https://www.danubehome.com/ae/en/c/tiles-and-bricks,,5,TRUE,2026-04-28
122,DH-TIL-1422,Indian Milano,Tiles,Parquet Flooring,"Indian Milano Parquet Wood Floor Walnut Dark, Plank cm","Indian Milano Parquet Wood Floor Walnut Dark, Plank سم",pcs,95,Danube Home,https://www.danubehome.com/ae/en/c/tiles-and-bricks,,5,TRUE,2026-04-28
123,DH-TIL-1423,Argenta,Tiles,Wall Tile,"Spain Argenta Wall Tile Decor 3D Geometric White, 30X60 cm","Spain Argenta Wall Tile Decor 3D Geometric White, 30X60 سم",sqm,65,Danube Home,https://www.danubehome.com/ae/en/c/tiles-and-bricks,,5,TRUE,2026-04-28
124,DH-TIL-1424,Argenta,Tiles,Wall Tile,"Spain Argenta Wall Tile Decor 3D Wave Grey, 30X60 cm","Spain Argenta Wall Tile Decor 3D Wave Grey, 30X60 سم",sqm,69,Danube Home,https://www.danubehome.com/ae/en/c/tiles-and-bricks,,5,TRUE,2026-04-28
125,DH-TIL-1425,Indian Milano,Tiles,Skirting,"Indian Milano Skirting Tile Matt White, 8X60 cm","Indian Milano Skirting Tile Matt White, 8X60 سم",sqm,18,Danube Home,https://www.danubehome.com/ae/en/c/tiles-and-bricks,,5,TRUE,2026-04-28
126,DH-WC-1501,Danube,Sanitaryware,Wall-Hung,Wall Hung WC Model 2057,مرحاض Wall Hung WC Model 2057,pcs,320,Danube Home,https://www.danubehome.com/ae/en/c/bath/water-closet,,5,TRUE,2026-04-28
127,DH-WC-1502,Milano,Sanitaryware,Wall-Hung,Milano Wall Hung WC Mira,مرحاض Milano Wall Hung WC Mira,pcs,449,Danube Home,https://www.danubehome.com/ae/en/c/bath/water-closet,,5,TRUE,2026-04-28
128,DH-WC-1503,Milano,Sanitaryware,Wall-Hung,Milano Wall Hung WC Cube,مرحاض Milano Wall Hung WC Cube,pcs,549,Danube Home,https://www.danubehome.com/ae/en/c/bath/water-closet,,5,TRUE,2026-04-28
129,DH-WC-1504,Danube,Sanitaryware,Wall-Hung,IS Wall Hung WC Standard,مرحاض IS Wall Hung WC Standard,pcs,380,Danube Home,https://www.danubehome.com/ae/en/c/bath/water-closet,,5,TRUE,2026-04-28
130,DH-WC-1505,Milano,Sanitaryware,S-Trap,Milano Marina WC with Tank S-trap,مرحاض Milano Marina WC with Tank S-trap,pcs,749,Danube Home,https://www.danubehome.com/ae/en/c/bath/water-closet,,5,TRUE,2026-04-28
131,DH-WC-1506,Milano,Sanitaryware,S-Trap,Milano S-Trap Two Piece WC Round,مرحاض Milano S-Trap Two Piece WC Round,pcs,549,Danube Home,https://www.danubehome.com/ae/en/c/bath/water-closet,,5,TRUE,2026-04-28
132,DH-WC-1507,Milano,Sanitaryware,S-Trap,Milano S-Trap Two Piece WC Square,مرحاض Milano S-Trap Two Piece WC Square,pcs,599,Danube Home,https://www.danubehome.com/ae/en/c/bath/water-closet,,5,TRUE,2026-04-28
133,DH-WC-1508,Milano,Sanitaryware,S-Trap,Milano S-Trap One Piece WC Plus,مرحاض Milano S-Trap One Piece WC Plus,pcs,899,Danube Home,https://www.danubehome.com/ae/en/c/bath/water-closet,,5,TRUE,2026-04-28
134,DH-WC-1509,Milano,Sanitaryware,P-Trap,Milano P-Trap WC Standard,مرحاض Milano P-Trap WC Standard,pcs,549,Danube Home,https://www.danubehome.com/ae/en/c/bath/water-closet,,5,TRUE,2026-04-28
135,DH-WC-1510,Milano,Sanitaryware,P-Trap,Milano P-Trap WC Rimless,مرحاض Milano P-Trap WC Rimless,pcs,699,Danube Home,https://www.danubehome.com/ae/en/c/bath/water-closet,,5,TRUE,2026-04-28
136,DH-WC-1511,Milano,Sanitaryware,P-Trap,Milano P-Trap One Piece WC,مرحاض Milano P-Trap One Piece WC,pcs,899,Danube Home,https://www.danubehome.com/ae/en/c/bath/water-closet,,5,TRUE,2026-04-28
137,DH-WC-1512,Milano,Sanitaryware,Asian WC,Milano Asian WC Squat Pan,مرحاض Milano Asian WC Squat Pan,pcs,199,Danube Home,https://www.danubehome.com/ae/en/c/bath/water-closet,,5,TRUE,2026-04-28
138,DH-WC-1513,Milano,Sanitaryware,Wall-Hung,Milano Compact WC Wall Hung Slim,مرحاض Milano Compact WC Wall Hung Slim,pcs,749,Danube Home,https://www.danubehome.com/ae/en/c/bath/water-closet,,5,TRUE,2026-04-28
139,DH-WC-1514,Milano,Sanitaryware,Wall-Hung Set,Milano Premium WC Set with Concealed Cistern,مرحاض Milano Premium WC Set with Concealed Cistern,pcs,1199,Danube Home,https://www.danubehome.com/ae/en/c/bath/water-closet,,5,TRUE,2026-04-28
140,DH-WC-1515,Milano,Sanitaryware,Smart WC,Milano Smart WC Bidet Function,مرحاض Milano Smart WC Bidet Function,pcs,2999,Danube Home,https://www.danubehome.com/ae/en/c/bath/water-closet,,5,TRUE,2026-04-28
141,DH-WB-1601,Milano,Sanitaryware,Wash Basin,Milano Wall Hung Basin White 60cm,حوض ميلانو Milano Wall Hung Basin White 60cm,pcs,299,Danube Home,https://www.danubehome.com/ae/en/c/bath/wash-basins,,5,TRUE,2026-04-28
142,DH-WB-1602,Milano,Sanitaryware,Wash Basin,Milano Wall Hung Basin White 80cm,حوض ميلانو Milano Wall Hung Basin White 80cm,pcs,399,Danube Home,https://www.danubehome.com/ae/en/c/bath/wash-basins,,5,TRUE,2026-04-28
143,DH-WB-1603,Milano,Sanitaryware,Wash Basin,Milano Counter Top Basin Round Matte Black,حوض ميلانو Milano Counter Top Basin Round Matte Black,pcs,549,Danube Home,https://www.danubehome.com/ae/en/c/bath/wash-basins,,5,TRUE,2026-04-28
144,DH-WB-1604,Milano,Sanitaryware,Wash Basin,Milano Counter Top Basin Square White,حوض ميلانو Milano Counter Top Basin Square White,pcs,449,Danube Home,https://www.danubehome.com/ae/en/c/bath/wash-basins,,5,TRUE,2026-04-28
145,DH-WB-1605,Milano,Sanitaryware,Wash Basin,Milano Pedestal Basin Set Standard,حوض ميلانو Milano Pedestal Basin Set Standard,pcs,549,Danube Home,https://www.danubehome.com/ae/en/c/bath/wash-basins,,5,TRUE,2026-04-28
146,DH-WB-1606,Milano,Sanitaryware,Wash Basin,Milano Half Pedestal Basin Modern,حوض ميلانو Milano Half Pedestal Basin Modern,pcs,449,Danube Home,https://www.danubehome.com/ae/en/c/bath/wash-basins,,5,TRUE,2026-04-28
147,DH-WB-1607,Milano,Sanitaryware,Wash Basin,Milano Under-Counter Basin Oval,حوض ميلانو Milano Under-Counter Basin Oval,pcs,399,Danube Home,https://www.danubehome.com/ae/en/c/bath/wash-basins,,5,TRUE,2026-04-28
148,DH-WB-1608,Milano,Sanitaryware,Wash Basin,Milano Drop-In Basin Rectangle,حوض ميلانو Milano Drop-In Basin Rectangle,pcs,449,Danube Home,https://www.danubehome.com/ae/en/c/bath/wash-basins,,5,TRUE,2026-04-28
149,DH-WB-1609,Milano,Sanitaryware,Wash Basin,Milano Vessel Basin Glass Clear,حوض ميلانو Milano Vessel Basin Glass Clear,pcs,749,Danube Home,https://www.danubehome.com/ae/en/c/bath/wash-basins,,5,TRUE,2026-04-28
150,DH-WB-1610,Milano,Sanitaryware,Wash Basin,Milano Vessel Basin Stone Effect Beige,حوض ميلانو Milano Vessel Basin Stone Effect Beige,pcs,849,Danube Home,https://www.danubehome.com/ae/en/c/bath/wash-basins,,5,TRUE,2026-04-28
151,DH-MIX-200214,Milano,Faucets & Mixers,Basin Mixer,"Milano Queen Basin Mixer with pop-up waste & flexible pipe, brass body, chrome finish",خلاط ميلانو Milano Queen Basin Mixer، نحاس مع تشطيب كروم,pcs,165,Danube Home,https://www.danubehome.com/ae/en/p/milano-queen-basin-mixer-140100200214,,5,TRUE,2026-04-28
152,DH-MIX-200659,Milano,Faucets & Mixers,Basin Mixer,"Milano Lemo Basin Mixer Matt Black with pop-up waste & flexible pipe, brass body, chrome finish",خلاط ميلانو Milano Lemo Basin Mixer Matt Black، نحاس مع تشطيب كروم,pcs,219,Danube Home,https://www.danubehome.com/ae/en/p/milano-lemo-basin-mixer-matt-black-140100200659,,5,TRUE,2026-04-28
153,DH-MIX-200389,Milano,Faucets & Mixers,Basin Mixer,"Milano Verdi Basin Mixer with pop-up waste & flexible pipe, brass body, chrome finish",خلاط ميلانو Milano Verdi Basin Mixer، نحاس مع تشطيب كروم,pcs,175,Danube Home,https://www.danubehome.com/ae/en/p/milano-verdi-basin-mixer-140100200389,,5,TRUE,2026-04-28
154,DH-MIX-200556,Milano,Faucets & Mixers,Basin Mixer,"Milano Azzy Basin Mixer with pop-up waste & flexible pipe, brass body, chrome finish",خلاط ميلانو Milano Azzy Basin Mixer، نحاس مع تشطيب كروم,pcs,159,Danube Home,https://www.danubehome.com/ae/en/p/milano-azzy-basin-mixer-140100200556,,5,TRUE,2026-04-28
155,DH-MIX-200581,Milano,Faucets & Mixers,Basin Mixer,"Milano Pia Basin Mixer with pop-up waste & flexible pipe, brass body, chrome finish",خلاط ميلانو Milano Pia Basin Mixer، نحاس مع تشطيب كروم,pcs,175,Danube Home,https://www.danubehome.com/ae/en/p/milano-pia-basin-mixer-140100200581,,5,TRUE,2026-04-28
156,DH-MIX-200388,Milano,Faucets & Mixers,Basin Mixer,"Milano Dallas Basin Mixer with pop-up waste & flexible pipe, brass body, chrome finish",خلاط ميلانو Milano Dallas Basin Mixer، نحاس مع تشطيب كروم,pcs,199,Danube Home,https://www.danubehome.com/ae/en/p/milano-dallas-basin-mixer-140100200388,,5,TRUE,2026-04-28
157,DH-MIX-100200,Milano,Faucets & Mixers,Bath/Shower Mixer,"Milano Aliz Bath Shower Mixer with Hand Shower with pop-up waste & flexible pipe, brass body, chrome finish",خلاط ميلانو Milano Aliz Bath Shower Mixer with Hand Shower، نحاس مع تشطيب كروم,pcs,219,Danube Home,https://www.danubehome.com/ae/en/p/milano-aliz-bath-shower-mixer-with-hand-shower-140100100200,,5,TRUE,2026-04-28
158,DH-MIX-100340,Milano,Faucets & Mixers,Bath/Shower Mixer,"Milano Yana Bath Shower Mixer with pop-up waste & flexible pipe, brass body, chrome finish",خلاط ميلانو Milano Yana Bath Shower Mixer، نحاس مع تشطيب كروم,pcs,299,Danube Home,https://www.danubehome.com/ae/en/p/milano-yana-bath-shower-mixer-140100100340,,5,TRUE,2026-04-28
159,DH-MIX-100285,Milano,Faucets & Mixers,Bath/Shower Mixer,"Milano Bayz Plus Bath Shower Mixer with pop-up waste & flexible pipe, brass body, chrome finish",خلاط ميلانو Milano Bayz Plus Bath Shower Mixer، نحاس مع تشطيب كروم,pcs,269,Danube Home,https://www.danubehome.com/ae/en/p/milano-bayz-plus-bath-shower-mixer-140100100285,,5,TRUE,2026-04-28
160,DH-MIX-100641,Milano,Faucets & Mixers,Bath/Shower Mixer,"Milano Power Bath Mixer with Shower Set with pop-up waste & flexible pipe, brass body, chrome finish",خلاط ميلانو Milano Power Bath Mixer with Shower Set، نحاس مع تشطيب كروم,pcs,349,Danube Home,https://www.danubehome.com/ae/en/p/milano-power-bath-mixer-with-shower-set-140100100641,,5,TRUE,2026-04-28
161,DH-MIX-200745,Milano,Faucets & Mixers,Basin Mixer,"Milano Luxe Bayz Plus Basin Mixer with pop-up waste & flexible pipe, brass body, chrome finish",خلاط ميلانو Milano Luxe Bayz Plus Basin Mixer، نحاس مع تشطيب كروم,pcs,199,Danube Home,https://www.danubehome.com/ae/en/p/milano-luxe-bayz-plus-basin-mixer-140100200745,,5,TRUE,2026-04-28
162,DH-MIX-200812,Milano,Faucets & Mixers,Tall Basin Mixer,"Milano Tall Basin Mixer Black with pop-up waste & flexible pipe, brass body, chrome finish",خلاط ميلانو Milano Tall Basin Mixer Black، نحاس مع تشطيب كروم,pcs,269,Danube Home,https://www.danubehome.com/ae/en/p/milano-tall-basin-mixer-black-140100200812,,5,TRUE,2026-04-28
163,DH-MIX-200900,Milano,Faucets & Mixers,Wall Mixer,"Milano Wall Mounted Basin Mixer with pop-up waste & flexible pipe, brass body, chrome finish",خلاط ميلانو Milano Wall Mounted Basin Mixer، نحاس مع تشطيب كروم,pcs,299,Danube Home,https://www.danubehome.com/ae/en/p/milano-wall-mounted-basin-mixer-140100200900,,5,TRUE,2026-04-28
164,DH-MIX-100777,Milano,Faucets & Mixers,Concealed Shower Mixer,"Milano Concealed Shower Mixer 2-Way with pop-up waste & flexible pipe, brass body, chrome finish",خلاط ميلانو Milano Concealed Shower Mixer 2-Way، نحاس مع تشطيب كروم,pcs,449,Danube Home,https://www.danubehome.com/ae/en/p/milano-concealed-shower-mixer-2-way-140100100777,,5,TRUE,2026-04-28
165,DH-MIX-100778,Milano,Faucets & Mixers,Concealed Shower Mixer,"Milano Concealed Shower Mixer 3-Way with pop-up waste & flexible pipe, brass body, chrome finish",خلاط ميلانو Milano Concealed Shower Mixer 3-Way، نحاس مع تشطيب كروم,pcs,549,Danube Home,https://www.danubehome.com/ae/en/p/milano-concealed-shower-mixer-3-way-140100100778,,5,TRUE,2026-04-28
166,DH-MIX-300120,Milano,Faucets & Mixers,Kitchen Mixer,"Milano Sink Mixer Kitchen Pull Out with pop-up waste & flexible pipe, brass body, chrome finish",خلاط ميلانو Milano Sink Mixer Kitchen Pull Out، نحاس مع تشطيب كروم,pcs,349,Danube Home,https://www.danubehome.com/ae/en/p/milano-sink-mixer-kitchen-pull-out-140100300120,,5,TRUE,2026-04-28
167,DH-MIX-300121,Milano,Faucets & Mixers,Kitchen Mixer,"Milano Sink Mixer Kitchen Single Lever with pop-up waste & flexible pipe, brass body, chrome finish",خلاط ميلانو Milano Sink Mixer Kitchen Single Lever، نحاس مع تشطيب كروم,pcs,219,Danube Home,https://www.danubehome.com/ae/en/p/milano-sink-mixer-kitchen-single-lever-140100300121,,5,TRUE,2026-04-28
168,DH-MIX-400055,Milano,Faucets & Mixers,Bidet Mixer,"Milano Bidet Mixer Chrome with pop-up waste & flexible pipe, brass body, chrome finish",خلاط ميلانو Milano Bidet Mixer Chrome، نحاس مع تشطيب كروم,pcs,199,Danube Home,https://www.danubehome.com/ae/en/p/milano-bidet-mixer-chrome-140100400055,,5,TRUE,2026-04-28
169,DH-MIX-100888,Milano,Faucets & Mixers,Shower Mixer,"Milano Shower Mixer Single Lever Wall with pop-up waste & flexible pipe, brass body, chrome finish",خلاط ميلانو Milano Shower Mixer Single Lever Wall، نحاس مع تشطيب كروم,pcs,229,Danube Home,https://www.danubehome.com/ae/en/p/milano-shower-mixer-single-lever-wall-140100100888,,5,TRUE,2026-04-28
170,DH-MIX-100999,Milano,Faucets & Mixers,Thermostatic Mixer,"Milano Thermostatic Shower Mixer with pop-up waste & flexible pipe, brass body, chrome finish",خلاط ميلانو Milano Thermostatic Shower Mixer، نحاس مع تشطيب كروم,pcs,599,Danube Home,https://www.danubehome.com/ae/en/p/milano-thermostatic-shower-mixer-140100100999,,5,TRUE,2026-04-28
171,DH-VAN-1701,Milano,Bathroom Furniture,Vanity,Milano Plus Priya Vanity Unit with Seamless Basin 100x50,وحدة حمام ميلانو Milano Plus Priya Vanity Unit with Seamless Basin 100x50,pcs,1599,Danube Home,https://www.danubehome.com/ae/en/c/bath/vanity,,10,TRUE,2026-04-28
172,DH-VAN-1702,Milano,Bathroom Furniture,Vanity,Milano Plus Priya Vanity Unit with Seamless Basin 80x50,وحدة حمام ميلانو Milano Plus Priya Vanity Unit with Seamless Basin 80x50,pcs,1299,Danube Home,https://www.danubehome.com/ae/en/c/bath/vanity,,10,TRUE,2026-04-28
173,DH-VAN-1703,Milano,Bathroom Furniture,Vanity,Milano Plus Priya Vanity Unit with Seamless Basin 120x50,وحدة حمام ميلانو Milano Plus Priya Vanity Unit with Seamless Basin 120x50,pcs,1849,Danube Home,https://www.danubehome.com/ae/en/c/bath/vanity,,10,TRUE,2026-04-28
174,DH-VAN-1704,Milano,Bathroom Furniture,Vanity,Milano Lanie Double Sink Vanity 140 cm,وحدة حمام ميلانو Milano Lanie Double Sink Vanity 140 cm,pcs,3699,Danube Home,https://www.danubehome.com/ae/en/c/bath/vanity,,10,TRUE,2026-04-28
175,DH-VAN-1705,Milano,Bathroom Furniture,Vanity,Milano Juie Double Sink Vanity 150 cm,وحدة حمام ميلانو Milano Juie Double Sink Vanity 150 cm,pcs,3499,Danube Home,https://www.danubehome.com/ae/en/c/bath/vanity,,10,TRUE,2026-04-28
176,DH-VAN-1706,Milano,Bathroom Furniture,Vanity,Milano Mono Vanity with 2 Basin 180 cm,وحدة حمام ميلانو Milano Mono Vanity with 2 Basin 180 cm,pcs,5399,Danube Home,https://www.danubehome.com/ae/en/c/bath/vanity,,10,TRUE,2026-04-28
177,DH-VAN-1707,Milano,Bathroom Furniture,Vanity,Milano Slim Vanity Unit White 60 cm,وحدة حمام ميلانو Milano Slim Vanity Unit White 60 cm,pcs,999,Danube Home,https://www.danubehome.com/ae/en/c/bath/vanity,,10,TRUE,2026-04-28
178,DH-VAN-1708,Milano,Bathroom Furniture,Vanity,Milano Slim Vanity Unit Walnut 60 cm,وحدة حمام ميلانو Milano Slim Vanity Unit Walnut 60 cm,pcs,1099,Danube Home,https://www.danubehome.com/ae/en/c/bath/vanity,,10,TRUE,2026-04-28
179,DH-VAN-1709,Milano,Bathroom Furniture,Vanity,Milano Floor-Mounted Vanity Black Matte 90 cm,وحدة حمام ميلانو Milano Floor-Mounted Vanity Black Matte 90 cm,pcs,2199,Danube Home,https://www.danubehome.com/ae/en/c/bath/vanity,,10,TRUE,2026-04-28
180,DH-VAN-1710,Milano,Bathroom Furniture,Vanity,Milano Wall-Mounted Vanity Oak 80 cm,وحدة حمام ميلانو Milano Wall-Mounted Vanity Oak 80 cm,pcs,1899,Danube Home,https://www.danubehome.com/ae/en/c/bath/vanity,,10,TRUE,2026-04-28
181,DH-VAN-1711,Milano,Bathroom Furniture,Vanity,Milano Modern Vanity Set with Mirror 100 cm,وحدة حمام ميلانو Milano Modern Vanity Set with Mirror 100 cm,pcs,2499,Danube Home,https://www.danubehome.com/ae/en/c/bath/vanity,,10,TRUE,2026-04-28
182,DH-VAN-1712,Milano,Bathroom Furniture,Vanity,Milano Compact Vanity Cabinet 50 cm,وحدة حمام ميلانو Milano Compact Vanity Cabinet 50 cm,pcs,749,Danube Home,https://www.danubehome.com/ae/en/c/bath/vanity,,10,TRUE,2026-04-28
183,DH-TUB-1801,Milano,Bathware,Bathtub,Milano Terry Freestanding Bathtub 170x80x58,حوض استحمام ميلانو Milano Terry Freestanding Bathtub 170x80x58,pcs,3599,Danube Home,https://www.danubehome.com/ae/en/c/bath/bath-tub-shower-room,,14,TRUE,2026-04-28
184,DH-TUB-1802,Milano,Bathware,Bathtub,Milano Free Standing Bathtub Oval 170x75 White,حوض استحمام ميلانو Milano Free Standing Bathtub Oval 170x75 White,pcs,2999,Danube Home,https://www.danubehome.com/ae/en/c/bath/bath-tub-shower-room,,14,TRUE,2026-04-28
185,DH-TUB-1803,Milano,Bathware,Bathtub,Milano Concept Plus Massage Bathtub w/ Digital Panel,حوض استحمام ميلانو Milano Concept Plus Massage Bathtub w/ Digital Panel,pcs,10850,Danube Home,https://www.danubehome.com/ae/en/c/bath/bath-tub-shower-room,,14,TRUE,2026-04-28
186,DH-TUB-1804,Milano,Bathware,Bathtub,Milano Built-in Acrylic Bathtub 170x70,حوض استحمام ميلانو Milano Built-in Acrylic Bathtub 170x70,pcs,1499,Danube Home,https://www.danubehome.com/ae/en/c/bath/bath-tub-shower-room,,14,TRUE,2026-04-28
187,DH-TUB-1805,Milano,Bathware,Bathtub,Milano Built-in Acrylic Bathtub 180x80,حوض استحمام ميلانو Milano Built-in Acrylic Bathtub 180x80,pcs,1799,Danube Home,https://www.danubehome.com/ae/en/c/bath/bath-tub-shower-room,,14,TRUE,2026-04-28
188,DH-TUB-1806,Milano,Bathware,Bathtub,Milano Corner Bathtub 150x150,حوض استحمام ميلانو Milano Corner Bathtub 150x150,pcs,2599,Danube Home,https://www.danubehome.com/ae/en/c/bath/bath-tub-shower-room,,14,TRUE,2026-04-28
189,DH-TUB-1807,Milano,Bathware,Bathtub,Milano Whirlpool Massage Bathtub 180x90,حوض استحمام ميلانو Milano Whirlpool Massage Bathtub 180x90,pcs,7999,Danube Home,https://www.danubehome.com/ae/en/c/bath/bath-tub-shower-room,,14,TRUE,2026-04-28
190,DH-TUB-1808,Milano,Bathware,Bathtub,Milano Compact Bathtub 140x70,حوض استحمام ميلانو Milano Compact Bathtub 140x70,pcs,1199,Danube Home,https://www.danubehome.com/ae/en/c/bath/bath-tub-shower-room,,14,TRUE,2026-04-28
191,DH-SHW-1901,Milano,Bathware,Shower Enclosure,Milano Shower Enclosure TS6223 Plus 890x890x1865,كابينة دش ميلانو Milano Shower Enclosure TS6223 Plus 890x890x1865,pcs,899,Danube Home,https://www.danubehome.com/ae/en/c/bath/bath-tub-shower-room/cubicle-enclosure,,14,TRUE,2026-04-28
192,DH-SHW-1902,Milano,Bathware,Shower Enclosure,Milano Shower Cubicle BB-4C Quadrant 900x900x1950 Chrome,كابينة دش ميلانو Milano Shower Cubicle BB-4C Quadrant 900x900x1950 Chrome,pcs,599,Danube Home,https://www.danubehome.com/ae/en/c/bath/bath-tub-shower-room/cubicle-enclosure,,14,TRUE,2026-04-28
193,DH-SHW-1903,Milano,Bathware,Shower Enclosure,Milano Power Plus Shower Room 1000x1000x2200 2pcs/Set,كابينة دش ميلانو Milano Power Plus Shower Room 1000x1000x2200 2pcs/Set,pcs,3999,Danube Home,https://www.danubehome.com/ae/en/c/bath/bath-tub-shower-room/cubicle-enclosure,,14,TRUE,2026-04-28
194,DH-SHW-1904,Milano,Bathware,Shower Enclosure,Milano Shower Partition WF-1PA 900x2100 Chrome,كابينة دش ميلانو Milano Shower Partition WF-1PA 900x2100 Chrome,pcs,799,Danube Home,https://www.danubehome.com/ae/en/c/bath/bath-tub-shower-room/cubicle-enclosure,,14,TRUE,2026-04-28
195,DH-SHW-1905,Milano,Bathware,Shower Enclosure,Milano Chery Shower Panel Glass + SS304 SL3101B-1-S,كابينة دش ميلانو Milano Chery Shower Panel Glass + SS304 SL3101B-1-S,pcs,599,Danube Home,https://www.danubehome.com/ae/en/c/bath/bath-tub-shower-room/cubicle-enclosure,,14,TRUE,2026-04-28
196,DH-SHW-1906,Milano,Bathware,Shower Enclosure,Milano Walk-in Shower Glass Panel 1200x2000,كابينة دش ميلانو Milano Walk-in Shower Glass Panel 1200x2000,pcs,1299,Danube Home,https://www.danubehome.com/ae/en/c/bath/bath-tub-shower-room/cubicle-enclosure,,14,TRUE,2026-04-28
197,DH-ACC-2001,Milano,Bathroom Accessories,Rain Shower,Milano Rain Shower Head 300mm Chrome,إكسسوار حمام ميلانو Milano Rain Shower Head 300mm Chrome,pcs,249,Danube Home,https://www.danubehome.com/ae/en/c/bath/accessories,,3,TRUE,2026-04-28
198,DH-ACC-2002,Milano,Bathroom Accessories,Rain Shower,Milano Rain Shower Head 400mm Chrome,إكسسوار حمام ميلانو Milano Rain Shower Head 400mm Chrome,pcs,349,Danube Home,https://www.danubehome.com/ae/en/c/bath/accessories,,3,TRUE,2026-04-28
199,DH-ACC-2003,Milano,Bathroom Accessories,Floor Drain,Milano Floor Drain Stainless Steel 100x100,إكسسوار حمام ميلانو Milano Floor Drain Stainless Steel 100x100,pcs,49,Danube Home,https://www.danubehome.com/ae/en/c/bath/accessories,,3,TRUE,2026-04-28
200,DH-ACC-2004,Milano,Bathroom Accessories,Bath Accessories,Milano Bath Accessory Set 6-pcs Chrome,إكسسوار حمام ميلانو Milano Bath Accessory Set 6-pcs Chrome,pcs,199,Danube Home,https://www.danubehome.com/ae/en/c/bath/accessories,,3,TRUE,2026-04-28
201,IKEA-METOD/MAXIMERA-59459181,IKEA,Kitchen,Cabinet/Front,METOD/MAXIMERA Hi cab w 2 doors/4 drawers white/Bodbyn off-white 60x60x200,خزانة ايكيا METOD/MAXIMERA Hi cab w 2 doors/4 drawers white/Bodbyn off-white 60x60x200,pcs,2495,IKEA UAE,https://www.ikea.com/ae/en/p/metod-maximera-hi-cab-w-2-doors-4-drawers-white-bodbyn-off-w-s59459181/,,3,TRUE,2026-04-28
202,IKEA-METOD/MAXIMERA-69507006,IKEA,Kitchen,Cabinet/Front,METOD/MAXIMERA Base cabinet w drawer/door white/Vallstena 60x37,خزانة ايكيا METOD/MAXIMERA Base cabinet w drawer/door white/Vallstena 60x37,pcs,945,IKEA UAE,https://www.ikea.com/ae/en/p/metod-maximera-base-cabinet-w-drawer-door-white-vallstena-60-s69507006/,,3,TRUE,2026-04-28
203,IKEA-METOD/MAXIMERA-69469405,IKEA,Kitchen,Cabinet/Front,METOD/MAXIMERA Wall cabinet w 2 doors/2 drawers white/Veddinge 60x100,خزانة ايكيا METOD/MAXIMERA Wall cabinet w 2 doors/2 drawers white/Veddinge 60x100,pcs,1395,IKEA UAE,https://www.ikea.com/ae/en/p/metod-maximera-wall-cabinet-w-2-doors-2-drawers-white-veddin-s69469405/,,3,TRUE,2026-04-28
204,IKEA-METOD/MAXIMERA-69458647,IKEA,Kitchen,Cabinet/Front,METOD/MAXIMERA Hi cab f ov w dr/2 frnts/2 hi drwrs white/Voxtorp matt white 60x60x200,خزانة ايكيا METOD/MAXIMERA Hi cab f ov w dr/2 frnts/2 hi drwrs white/Voxtorp matt white 60x60x200,pcs,3295,IKEA UAE,https://www.ikea.com/ae/en/p/metod-maximera-hi-cab-f-ov-w-dr-2-frnts-2-hi-drwrs-white-vox-s69458647/,,3,TRUE,2026-04-28
205,IKEA-METOD-60214720,IKEA,Kitchen,Cabinet/Front,METOD Base cabinet frame white 60x37x80,خزانة ايكيا METOD Base cabinet frame white 60x37x80,pcs,350,IKEA UAE,https://www.ikea.com/ae/en/p/metod-base-cabinet-frame-white-60x37x80-s60214720/,,3,TRUE,2026-04-28
206,IKEA-METOD-60214721,IKEA,Kitchen,Cabinet/Front,METOD Base cabinet frame white 80x37x80,خزانة ايكيا METOD Base cabinet frame white 80x37x80,pcs,425,IKEA UAE,https://www.ikea.com/ae/en/p/metod-base-cabinet-frame-white-80x37x80-s60214721/,,3,TRUE,2026-04-28
207,IKEA-METOD-60214730,IKEA,Kitchen,Cabinet/Front,METOD Wall cabinet frame white 60x37x60,خزانة ايكيا METOD Wall cabinet frame white 60x37x60,pcs,285,IKEA UAE,https://www.ikea.com/ae/en/p/metod-wall-cabinet-frame-white-60x37x60-s60214730/,,3,TRUE,2026-04-28
208,IKEA-METOD-60214731,IKEA,Kitchen,Cabinet/Front,METOD Wall cabinet frame white 80x37x60,خزانة ايكيا METOD Wall cabinet frame white 80x37x60,pcs,345,IKEA UAE,https://www.ikea.com/ae/en/p/metod-wall-cabinet-frame-white-80x37x60-s60214731/,,3,TRUE,2026-04-28
209,IKEA-METOD-60214740,IKEA,Kitchen,Cabinet/Front,METOD High cabinet frame white 60x37x200,خزانة ايكيا METOD High cabinet frame white 60x37x200,pcs,525,IKEA UAE,https://www.ikea.com/ae/en/p/metod-high-cabinet-frame-white-60x37x200-s60214740/,,3,TRUE,2026-04-28
210,IKEA-VEDDINGE-60223310,IKEA,Kitchen,Cabinet/Front,VEDDINGE Door white 60x80,خزانة ايكيا VEDDINGE Door white 60x80,pcs,245,IKEA UAE,https://www.ikea.com/ae/en/p/veddinge-door-white-60x80-s60223310/,,3,TRUE,2026-04-28
211,IKEA-VEDDINGE-60223311,IKEA,Kitchen,Cabinet/Front,VEDDINGE Door white 40x80,خزانة ايكيا VEDDINGE Door white 40x80,pcs,175,IKEA UAE,https://www.ikea.com/ae/en/p/veddinge-door-white-40x80-s60223311/,,3,TRUE,2026-04-28
212,IKEA-VEDDINGE-60223315,IKEA,Kitchen,Cabinet/Front,VEDDINGE Drawer front white 60x20,خزانة ايكيا VEDDINGE Drawer front white 60x20,pcs,95,IKEA UAE,https://www.ikea.com/ae/en/p/veddinge-drawer-front-white-60x20-s60223315/,,3,TRUE,2026-04-28
213,IKEA-VEDDINGE-60223316,IKEA,Kitchen,Cabinet/Front,VEDDINGE Drawer front white 80x20,خزانة ايكيا VEDDINGE Drawer front white 80x20,pcs,115,IKEA UAE,https://www.ikea.com/ae/en/p/veddinge-drawer-front-white-80x20-s60223316/,,3,TRUE,2026-04-28
214,IKEA-BODBYN-60223320,IKEA,Kitchen,Cabinet/Front,BODBYN Door off-white 60x80,خزانة ايكيا BODBYN Door off-white 60x80,pcs,295,IKEA UAE,https://www.ikea.com/ae/en/p/bodbyn-door-off-white-60x80-s60223320/,,3,TRUE,2026-04-28
215,IKEA-BODBYN-60223321,IKEA,Kitchen,Cabinet/Front,BODBYN Door off-white 40x80,خزانة ايكيا BODBYN Door off-white 40x80,pcs,215,IKEA UAE,https://www.ikea.com/ae/en/p/bodbyn-door-off-white-40x80-s60223321/,,3,TRUE,2026-04-28
216,IKEA-BODBYN-60223325,IKEA,Kitchen,Cabinet/Front,BODBYN Drawer front off-white 60x20,خزانة ايكيا BODBYN Drawer front off-white 60x20,pcs,115,IKEA UAE,https://www.ikea.com/ae/en/p/bodbyn-drawer-front-off-white-60x20-s60223325/,,3,TRUE,2026-04-28
217,IKEA-VOXTORP-60223330,IKEA,Kitchen,Cabinet/Front,VOXTORP Door matt white 60x80,خزانة ايكيا VOXTORP Door matt white 60x80,pcs,325,IKEA UAE,https://www.ikea.com/ae/en/p/voxtorp-door-matt-white-60x80-s60223330/,,3,TRUE,2026-04-28
218,IKEA-VOXTORP-60223331,IKEA,Kitchen,Cabinet/Front,VOXTORP Door matt white 40x80,خزانة ايكيا VOXTORP Door matt white 40x80,pcs,235,IKEA UAE,https://www.ikea.com/ae/en/p/voxtorp-door-matt-white-40x80-s60223331/,,3,TRUE,2026-04-28
219,IKEA-VOXTORP-60223335,IKEA,Kitchen,Cabinet/Front,VOXTORP Drawer front matt white 60x20,خزانة ايكيا VOXTORP Drawer front matt white 60x20,pcs,145,IKEA UAE,https://www.ikea.com/ae/en/p/voxtorp-drawer-front-matt-white-60x20-s60223335/,,3,TRUE,2026-04-28
220,IKEA-AXSTAD-60223340,IKEA,Kitchen,Cabinet/Front,AXSTAD Door matt blue 60x80,خزانة ايكيا AXSTAD Door matt blue 60x80,pcs,350,IKEA UAE,https://www.ikea.com/ae/en/p/axstad-door-matt-blue-60x80-s60223340/,,3,TRUE,2026-04-28
221,IKEA-AXSTAD-60223341,IKEA,Kitchen,Cabinet/Front,AXSTAD Door matt blue 40x80,خزانة ايكيا AXSTAD Door matt blue 40x80,pcs,255,IKEA UAE,https://www.ikea.com/ae/en/p/axstad-door-matt-blue-40x80-s60223341/,,3,TRUE,2026-04-28
222,IKEA-KUNGSBACKA-60223350,IKEA,Kitchen,Cabinet/Front,KUNGSBACKA Door anthracite 60x80,خزانة ايكيا KUNGSBACKA Door anthracite 60x80,pcs,295,IKEA UAE,https://www.ikea.com/ae/en/p/kungsbacka-door-anthracite-60x80-s60223350/,,3,TRUE,2026-04-28
223,IKEA-KUNGSBACKA-60223355,IKEA,Kitchen,Cabinet/Front,KUNGSBACKA Drawer front anthracite 60x20,خزانة ايكيا KUNGSBACKA Drawer front anthracite 60x20,pcs,135,IKEA UAE,https://www.ikea.com/ae/en/p/kungsbacka-drawer-front-anthracite-60x20-s60223355/,,3,TRUE,2026-04-28
224,IKEA-HÄGGEBY-60223360,IKEA,Kitchen,Cabinet/Front,HÄGGEBY Door white 60x80,خزانة ايكيا HÄGGEBY Door white 60x80,pcs,175,IKEA UAE,https://www.ikea.com/ae/en/p/häggeby-door-white-60x80-s60223360/,,3,TRUE,2026-04-28
225,IKEA-HÄGGEBY-60223365,IKEA,Kitchen,Cabinet/Front,HÄGGEBY Drawer front white 60x20,خزانة ايكيا HÄGGEBY Drawer front white 60x20,pcs,65,IKEA UAE,https://www.ikea.com/ae/en/p/häggeby-drawer-front-white-60x20-s60223365/,,3,TRUE,2026-04-28
226,IKEA-MAXIMERA-60223400,IKEA,Kitchen,Cabinet/Front,MAXIMERA Drawer high white 60x37,خزانة ايكيا MAXIMERA Drawer high white 60x37,pcs,295,IKEA UAE,https://www.ikea.com/ae/en/p/maximera-drawer-high-white-60x37-s60223400/,,3,TRUE,2026-04-28
227,IKEA-MAXIMERA-60223401,IKEA,Kitchen,Cabinet/Front,MAXIMERA Drawer medium white 60x37,خزانة ايكيا MAXIMERA Drawer medium white 60x37,pcs,245,IKEA UAE,https://www.ikea.com/ae/en/p/maximera-drawer-medium-white-60x37-s60223401/,,3,TRUE,2026-04-28
228,IKEA-UTRUSTA-60223410,IKEA,Kitchen,Cabinet/Front,UTRUSTA Shelf white 60x37,خزانة ايكيا UTRUSTA Shelf white 60x37,pcs,35,IKEA UAE,https://www.ikea.com/ae/en/p/utrusta-shelf-white-60x37-s60223410/,,3,TRUE,2026-04-28
229,IKEA-UTRUSTA-60223420,IKEA,Kitchen,Cabinet/Front,UTRUSTA Hinge w soft-close 110° (2-pack),خزانة ايكيا UTRUSTA Hinge w soft-close 110° (2-pack),pcs,65,IKEA UAE,https://www.ikea.com/ae/en/p/utrusta-hinge-w-soft-close-110°-(2-pack)-s60223420/,,3,TRUE,2026-04-28
230,IKEA-KNOXHULT-40347060,IKEA,Kitchen,Cabinet/Front,KNOXHULT Base cabinet w doors and drawer white 120,خزانة ايكيا KNOXHULT Base cabinet w doors and drawer white 120,pcs,1099,IKEA UAE,https://www.ikea.com/ae/en/p/knoxhult-base-cabinet-w-doors-and-drawer-white-120-s40347060/,,3,TRUE,2026-04-28
231,IKEA-KNOXHULT-40347061,IKEA,Kitchen,Cabinet/Front,KNOXHULT Base cabinet w doors white 120,خزانة ايكيا KNOXHULT Base cabinet w doors white 120,pcs,845,IKEA UAE,https://www.ikea.com/ae/en/p/knoxhult-base-cabinet-w-doors-white-120-s40347061/,,3,TRUE,2026-04-28
232,IKEA-KNOXHULT-40347062,IKEA,Kitchen,Cabinet/Front,KNOXHULT Wall cabinet w doors white 120x75,خزانة ايكيا KNOXHULT Wall cabinet w doors white 120x75,pcs,595,IKEA UAE,https://www.ikea.com/ae/en/p/knoxhult-wall-cabinet-w-doors-white-120x75-s40347062/,,3,TRUE,2026-04-28
233,IKEA-ENHET-40427710,IKEA,Kitchen,Cabinet/Front,ENHET Base cabinet w shelf white 60x60x75,خزانة ايكيا ENHET Base cabinet w shelf white 60x60x75,pcs,285,IKEA UAE,https://www.ikea.com/ae/en/p/enhet-base-cabinet-w-shelf-white-60x60x75-s40427710/,,3,TRUE,2026-04-28
234,IKEA-ENHET-40427711,IKEA,Kitchen,Cabinet/Front,ENHET Wall cabinet w 1 shelf white 60x30x60,خزانة ايكيا ENHET Wall cabinet w 1 shelf white 60x30x60,pcs,165,IKEA UAE,https://www.ikea.com/ae/en/p/enhet-wall-cabinet-w-1-shelf-white-60x30x60-s40427711/,,3,TRUE,2026-04-28
235,IKEA-ENHET-40427720,IKEA,Kitchen,Cabinet/Front,ENHET Storage combination white 120x60x150,خزانة ايكيا ENHET Storage combination white 120x60x150,pcs,1495,IKEA UAE,https://www.ikea.com/ae/en/p/enhet-storage-combination-white-120x60x150-s40427720/,,3,TRUE,2026-04-28
236,IKEA-LGT-FOTO-001,IKEA,Lighting,Pendant,FOTO Pendant lamp aluminium 38cm,إضاءة ايكيا FOTO Pendant lamp aluminium 38cm,pcs,149,IKEA UAE,https://www.ikea.com/ae/en/cat/lighting-fu004/,,3,TRUE,2026-04-28
237,IKEA-LGT-FOTO-002,IKEA,Lighting,Pendant,FOTO Pendant lamp aluminium 50cm,إضاءة ايكيا FOTO Pendant lamp aluminium 50cm,pcs,195,IKEA UAE,https://www.ikea.com/ae/en/cat/lighting-fu004/,,3,TRUE,2026-04-28
238,IKEA-LGT-HEKTAR-003,IKEA,Lighting,Pendant,HEKTAR Pendant lamp dark grey 47cm,إضاءة ايكيا HEKTAR Pendant lamp dark grey 47cm,pcs,245,IKEA UAE,https://www.ikea.com/ae/en/cat/lighting-fu004/,,3,TRUE,2026-04-28
239,IKEA-LGT-HEKTAR-004,IKEA,Lighting,Pendant,HEKTAR Pendant lamp white 47cm,إضاءة ايكيا HEKTAR Pendant lamp white 47cm,pcs,245,IKEA UAE,https://www.ikea.com/ae/en/cat/lighting-fu004/,,3,TRUE,2026-04-28
240,IKEA-LGT-MELODI-005,IKEA,Lighting,Pendant,MELODI Pendant lamp white 28cm,إضاءة ايكيا MELODI Pendant lamp white 28cm,pcs,49,IKEA UAE,https://www.ikea.com/ae/en/cat/lighting-fu004/,,3,TRUE,2026-04-28
241,IKEA-LGT-MELODI-006,IKEA,Lighting,Pendant,MELODI Pendant lamp black 28cm,إضاءة ايكيا MELODI Pendant lamp black 28cm,pcs,49,IKEA UAE,https://www.ikea.com/ae/en/cat/lighting-fu004/,,3,TRUE,2026-04-28
242,IKEA-LGT-VINDKA-007,IKEA,Lighting,Pendant,VINDKAST Pendant lamp brass 38cm,إضاءة ايكيا VINDKAST Pendant lamp brass 38cm,pcs,295,IKEA UAE,https://www.ikea.com/ae/en/cat/lighting-fu004/,,3,TRUE,2026-04-28
243,IKEA-LGT-RANARP-008,IKEA,Lighting,Pendant,RANARP Pendant lamp black 38cm,إضاءة ايكيا RANARP Pendant lamp black 38cm,pcs,195,IKEA UAE,https://www.ikea.com/ae/en/cat/lighting-fu004/,,3,TRUE,2026-04-28
244,IKEA-LGT-ÄLVSTA-009,IKEA,Lighting,Pendant,ÄLVSTARR Pendant lamp 5-arm chrome,إضاءة ايكيا ÄLVSTARR Pendant lamp 5-arm chrome,pcs,595,IKEA UAE,https://www.ikea.com/ae/en/cat/lighting-fu004/,,3,TRUE,2026-04-28
245,IKEA-LGT-STORUM-010,IKEA,Lighting,Wall/Bulb,STORUMAN LED ceiling lamp 31cm,إضاءة ايكيا STORUMAN LED ceiling lamp 31cm,pcs,89,IKEA UAE,https://www.ikea.com/ae/en/cat/lighting-fu004/,,3,TRUE,2026-04-28
246,IKEA-LGT-NYMÅNE-011,IKEA,Lighting,Ceiling,NYMÅNE Ceiling lamp white 28cm,إضاءة ايكيا NYMÅNE Ceiling lamp white 28cm,pcs,65,IKEA UAE,https://www.ikea.com/ae/en/cat/lighting-fu004/,,3,TRUE,2026-04-28
247,IKEA-LGT-NYMÅNE-012,IKEA,Lighting,Ceiling,NYMÅNE Ceiling lamp 36cm,إضاءة ايكيا NYMÅNE Ceiling lamp 36cm,pcs,95,IKEA UAE,https://www.ikea.com/ae/en/cat/lighting-fu004/,,3,TRUE,2026-04-28
248,IKEA-LGT-ARSTID-013,IKEA,Lighting,Table/Floor,ARSTID Table lamp nickel-plated white,إضاءة ايكيا ARSTID Table lamp nickel-plated white,pcs,145,IKEA UAE,https://www.ikea.com/ae/en/cat/lighting-fu004/,,3,TRUE,2026-04-28
249,IKEA-LGT-BAROME-014,IKEA,Lighting,Table/Floor,BAROMETER Table lamp brass white,إضاءة ايكيا BAROMETER Table lamp brass white,pcs,195,IKEA UAE,https://www.ikea.com/ae/en/cat/lighting-fu004/,,3,TRUE,2026-04-28
250,IKEA-LGT-FORSÅ-015,IKEA,Lighting,Wall/Bulb,FORSÅ Work lamp nickel-plated,إضاءة ايكيا FORSÅ Work lamp nickel-plated,pcs,95,IKEA UAE,https://www.ikea.com/ae/en/cat/lighting-fu004/,,3,TRUE,2026-04-28
251,IKEA-LGT-HEKTAR-016,IKEA,Lighting,Table/Floor,HEKTAR Floor lamp dark grey,إضاءة ايكيا HEKTAR Floor lamp dark grey,pcs,449,IKEA UAE,https://www.ikea.com/ae/en/cat/lighting-fu004/,,3,TRUE,2026-04-28
252,IKEA-LGT-NÄVLIN-017,IKEA,Lighting,Wall/Bulb,NÄVLINGE LED wall/clamp spotlight white,إضاءة ايكيا NÄVLINGE LED wall/clamp spotlight white,pcs,75,IKEA UAE,https://www.ikea.com/ae/en/cat/lighting-fu004/,,3,TRUE,2026-04-28
253,IKEA-LGT-RANARP-018,IKEA,Lighting,Wall/Bulb,RANARP Wall/clamp spotlight black,إضاءة ايكيا RANARP Wall/clamp spotlight black,pcs,145,IKEA UAE,https://www.ikea.com/ae/en/cat/lighting-fu004/,,3,TRUE,2026-04-28
254,IKEA-LGT-LEDARE-019,IKEA,Lighting,Wall/Bulb,LEDARE LED bulb E27 1000lm 2-pack,إضاءة ايكيا LEDARE LED bulb E27 1000lm 2-pack,pcs,35,IKEA UAE,https://www.ikea.com/ae/en/cat/lighting-fu004/,,3,TRUE,2026-04-28
255,IKEA-LGT-TRÅDFR-020,IKEA,Lighting,Wall/Bulb,TRÅDFRI LED bulb E27 1055lm smart,إضاءة ايكيا TRÅDFRI LED bulb E27 1055lm smart,pcs,65,IKEA UAE,https://www.ikea.com/ae/en/cat/lighting-fu004/,,3,TRUE,2026-04-28
256,IKEA-STR-PAX-001,IKEA,Storage,PAX,PAX Wardrobe frame white 100x58x236,تخزين ايكيا PAX Wardrobe frame white 100x58x236,pcs,595,IKEA UAE,https://www.ikea.com/ae/en/cat/storage-organisation-st001/,,3,TRUE,2026-04-28
257,IKEA-STR-PAX-002,IKEA,Storage,PAX,PAX Wardrobe frame white 75x58x236,تخزين ايكيا PAX Wardrobe frame white 75x58x236,pcs,495,IKEA UAE,https://www.ikea.com/ae/en/cat/storage-organisation-st001/,,3,TRUE,2026-04-28
258,IKEA-STR-PAX-003,IKEA,Storage,PAX,PAX Wardrobe frame white 50x58x236,تخزين ايكيا PAX Wardrobe frame white 50x58x236,pcs,395,IKEA UAE,https://www.ikea.com/ae/en/cat/storage-organisation-st001/,,3,TRUE,2026-04-28
259,IKEA-STR-PAX-004,IKEA,Storage,PAX,PAX Wardrobe frame oak 100x58x236,تخزين ايكيا PAX Wardrobe frame oak 100x58x236,pcs,695,IKEA UAE,https://www.ikea.com/ae/en/cat/storage-organisation-st001/,,3,TRUE,2026-04-28
260,IKEA-STR-PAX-005,IKEA,Storage,PAX,PAX Wardrobe frame anthracite 100x58x236,تخزين ايكيا PAX Wardrobe frame anthracite 100x58x236,pcs,645,IKEA UAE,https://www.ikea.com/ae/en/cat/storage-organisation-st001/,,3,TRUE,2026-04-28
261,IKEA-STR-PAX-006,IKEA,Storage,PAX,PAX Add-on corner unit w 4 shelves white,تخزين ايكيا PAX Add-on corner unit w 4 shelves white,pcs,449,IKEA UAE,https://www.ikea.com/ae/en/cat/storage-organisation-st001/,,3,TRUE,2026-04-28
262,IKEA-STR-PAX-007,IKEA,Storage,PAX,PAX Wardrobe combination w doors 200x58x236,تخزين ايكيا PAX Wardrobe combination w doors 200x58x236,pcs,1995,IKEA UAE,https://www.ikea.com/ae/en/cat/storage-organisation-st001/,,3,TRUE,2026-04-28
263,IKEA-STR-PAX-008,IKEA,Storage,PAX,PAX Wardrobe combination w mirror doors 200x58x236,تخزين ايكيا PAX Wardrobe combination w mirror doors 200x58x236,pcs,2295,IKEA UAE,https://www.ikea.com/ae/en/cat/storage-organisation-st001/,,3,TRUE,2026-04-28
264,IKEA-STR-KOMPLE-009,IKEA,Storage,KOMPLEMENT,KOMPLEMENT Shelf white 100x58,تخزين ايكيا KOMPLEMENT Shelf white 100x58,pcs,65,IKEA UAE,https://www.ikea.com/ae/en/cat/storage-organisation-st001/,,3,TRUE,2026-04-28
265,IKEA-STR-KOMPLE-010,IKEA,Storage,KOMPLEMENT,KOMPLEMENT Shelf white 75x58,تخزين ايكيا KOMPLEMENT Shelf white 75x58,pcs,55,IKEA UAE,https://www.ikea.com/ae/en/cat/storage-organisation-st001/,,3,TRUE,2026-04-28
266,IKEA-STR-KOMPLE-011,IKEA,Storage,KOMPLEMENT,KOMPLEMENT Shelf dark grey 100x58,تخزين ايكيا KOMPLEMENT Shelf dark grey 100x58,pcs,75,IKEA UAE,https://www.ikea.com/ae/en/cat/storage-organisation-st001/,,3,TRUE,2026-04-28
267,IKEA-STR-KOMPLE-012,IKEA,Storage,KOMPLEMENT,KOMPLEMENT Drawer white 100x58,تخزين ايكيا KOMPLEMENT Drawer white 100x58,pcs,145,IKEA UAE,https://www.ikea.com/ae/en/cat/storage-organisation-st001/,,3,TRUE,2026-04-28
268,IKEA-STR-KOMPLE-013,IKEA,Storage,KOMPLEMENT,KOMPLEMENT Drawer w glass front 100x58,تخزين ايكيا KOMPLEMENT Drawer w glass front 100x58,pcs,215,IKEA UAE,https://www.ikea.com/ae/en/cat/storage-organisation-st001/,,3,TRUE,2026-04-28
269,IKEA-STR-KOMPLE-014,IKEA,Storage,KOMPLEMENT,KOMPLEMENT Pull-out tray white 100x58,تخزين ايكيا KOMPLEMENT Pull-out tray white 100x58,pcs,125,IKEA UAE,https://www.ikea.com/ae/en/cat/storage-organisation-st001/,,3,TRUE,2026-04-28
270,IKEA-STR-KOMPLE-015,IKEA,Storage,KOMPLEMENT,KOMPLEMENT Clothes rail white 100,تخزين ايكيا KOMPLEMENT Clothes rail white 100,pcs,35,IKEA UAE,https://www.ikea.com/ae/en/cat/storage-organisation-st001/,,3,TRUE,2026-04-28
271,IKEA-STR-KOMPLE-016,IKEA,Storage,KOMPLEMENT,KOMPLEMENT Pull-out trousers hanger 100,تخزين ايكيا KOMPLEMENT Pull-out trousers hanger 100,pcs,145,IKEA UAE,https://www.ikea.com/ae/en/cat/storage-organisation-st001/,,3,TRUE,2026-04-28
272,IKEA-STR-EKET-017,IKEA,Storage,EKET,EKET Cabinet w 2 doors and 1 shelf dark grey 70x35x70,تخزين ايكيا EKET Cabinet w 2 doors and 1 shelf dark grey 70x35x70,pcs,295,IKEA UAE,https://www.ikea.com/ae/en/cat/storage-organisation-st001/,,3,TRUE,2026-04-28
273,IKEA-STR-EKET-018,IKEA,Storage,EKET,EKET Cabinet w 4 compartments white 70x35x70,تخزين ايكيا EKET Cabinet w 4 compartments white 70x35x70,pcs,245,IKEA UAE,https://www.ikea.com/ae/en/cat/storage-organisation-st001/,,3,TRUE,2026-04-28
274,IKEA-STR-EKET-019,IKEA,Storage,EKET,EKET Cabinet white 35x35x35,تخزين ايكيا EKET Cabinet white 35x35x35,pcs,95,IKEA UAE,https://www.ikea.com/ae/en/cat/storage-organisation-st001/,,3,TRUE,2026-04-28
275,IKEA-STR-EKET-020,IKEA,Storage,EKET,EKET Cabinet w door birch 35x35x70,تخزين ايكيا EKET Cabinet w door birch 35x35x70,pcs,145,IKEA UAE,https://www.ikea.com/ae/en/cat/storage-organisation-st001/,,3,TRUE,2026-04-28
276,IKEA-STR-IDÅSEN-021,IKEA,Storage,IDÅSEN,IDÅSEN Cabinet w doors and drawers dark green 80x47x119,تخزين ايكيا IDÅSEN Cabinet w doors and drawers dark green 80x47x119,pcs,1195,IKEA UAE,https://www.ikea.com/ae/en/cat/storage-organisation-st001/,,3,TRUE,2026-04-28
277,IKEA-STR-IDÅSEN-022,IKEA,Storage,IDÅSEN,IDÅSEN Cabinet w doors black 80x47x119,تخزين ايكيا IDÅSEN Cabinet w doors black 80x47x119,pcs,1195,IKEA UAE,https://www.ikea.com/ae/en/cat/storage-organisation-st001/,,3,TRUE,2026-04-28
278,IKEA-STR-KALLAX-023,IKEA,Storage,KALLAX,KALLAX Shelving unit white 77x77,تخزين ايكيا KALLAX Shelving unit white 77x77,pcs,245,IKEA UAE,https://www.ikea.com/ae/en/cat/storage-organisation-st001/,,3,TRUE,2026-04-28
279,IKEA-STR-KALLAX-024,IKEA,Storage,KALLAX,KALLAX Shelving unit white 147x77,تخزين ايكيا KALLAX Shelving unit white 147x77,pcs,395,IKEA UAE,https://www.ikea.com/ae/en/cat/storage-organisation-st001/,,3,TRUE,2026-04-28
280,IKEA-STR-BILLY-025,IKEA,Storage,BILLY,BILLY Bookcase white 80x28x202,تخزين ايكيا BILLY Bookcase white 80x28x202,pcs,295,IKEA UAE,https://www.ikea.com/ae/en/cat/storage-organisation-st001/,,3,TRUE,2026-04-28
281,IKEA-FUR-KIVIK-001,IKEA,Furniture,Living/Bedroom,KIVIK 3-seat sofa Hillared dark blue,أثاث ايكيا KIVIK 3-seat sofa Hillared dark blue,pcs,3195,IKEA UAE,https://www.ikea.com/ae/en/cat/furniture-fu001/,,5,TRUE,2026-04-28
282,IKEA-FUR-KIVIK-002,IKEA,Furniture,Living/Bedroom,KIVIK 2-seat sofa Hillared anthracite,أثاث ايكيا KIVIK 2-seat sofa Hillared anthracite,pcs,2495,IKEA UAE,https://www.ikea.com/ae/en/cat/furniture-fu001/,,5,TRUE,2026-04-28
283,IKEA-FUR-KLIPPA-003,IKEA,Furniture,Living/Bedroom,KLIPPAN 2-seat sofa Vissle grey,أثاث ايكيا KLIPPAN 2-seat sofa Vissle grey,pcs,1295,IKEA UAE,https://www.ikea.com/ae/en/cat/furniture-fu001/,,5,TRUE,2026-04-28
284,IKEA-FUR-KLIPPA-004,IKEA,Furniture,Living/Bedroom,KLIPPAN 2-seat sofa cover Vissle dark blue,أثاث ايكيا KLIPPAN 2-seat sofa cover Vissle dark blue,pcs,295,IKEA UAE,https://www.ikea.com/ae/en/cat/furniture-fu001/,,5,TRUE,2026-04-28
285,IKEA-FUR-EKTORP-005,IKEA,Furniture,Living/Bedroom,EKTORP 3-seat sofa Lofallet beige,أثاث ايكيا EKTORP 3-seat sofa Lofallet beige,pcs,2795,IKEA UAE,https://www.ikea.com/ae/en/cat/furniture-fu001/,,5,TRUE,2026-04-28
286,IKEA-FUR-EKTORP-006,IKEA,Furniture,Living/Bedroom,EKTORP 2-seat sofa Lofallet beige,أثاث ايكيا EKTORP 2-seat sofa Lofallet beige,pcs,2295,IKEA UAE,https://www.ikea.com/ae/en/cat/furniture-fu001/,,5,TRUE,2026-04-28
287,IKEA-FUR-FRIHET-007,IKEA,Furniture,Living/Bedroom,FRIHETEN Corner sofa-bed w storage Skiftebo dark grey,أثاث ايكيا FRIHETEN Corner sofa-bed w storage Skiftebo dark grey,pcs,2995,IKEA UAE,https://www.ikea.com/ae/en/cat/furniture-fu001/,,5,TRUE,2026-04-28
288,IKEA-FUR-VIMLE-008,IKEA,Furniture,Living/Bedroom,VIMLE Sofa bed w chaise longue Gunnared beige,أثاث ايكيا VIMLE Sofa bed w chaise longue Gunnared beige,pcs,3995,IKEA UAE,https://www.ikea.com/ae/en/cat/furniture-fu001/,,5,TRUE,2026-04-28
289,IKEA-FUR-POÄNG-009,IKEA,Furniture,Living/Bedroom,POÄNG Armchair birch veneer Knisa light beige,أثاث ايكيا POÄNG Armchair birch veneer Knisa light beige,pcs,595,IKEA UAE,https://www.ikea.com/ae/en/cat/furniture-fu001/,,5,TRUE,2026-04-28
290,IKEA-FUR-POÄNG-010,IKEA,Furniture,Living/Bedroom,POÄNG Armchair black-brown Skiftebo dark grey,أثاث ايكيا POÄNG Armchair black-brown Skiftebo dark grey,pcs,695,IKEA UAE,https://www.ikea.com/ae/en/cat/furniture-fu001/,,5,TRUE,2026-04-28
291,IKEA-FUR-STRAND-011,IKEA,Furniture,Living/Bedroom,STRANDMON Wing chair Nordvalla dark grey,أثاث ايكيا STRANDMON Wing chair Nordvalla dark grey,pcs,1495,IKEA UAE,https://www.ikea.com/ae/en/cat/furniture-fu001/,,5,TRUE,2026-04-28
292,IKEA-FUR-LACK-012,IKEA,Furniture,Living/Bedroom,LACK Coffee table white 90x55,أثاث ايكيا LACK Coffee table white 90x55,pcs,95,IKEA UAE,https://www.ikea.com/ae/en/cat/furniture-fu001/,,5,TRUE,2026-04-28
293,IKEA-FUR-LACK-013,IKEA,Furniture,Living/Bedroom,LACK Coffee table black-brown 90x55,أثاث ايكيا LACK Coffee table black-brown 90x55,pcs,95,IKEA UAE,https://www.ikea.com/ae/en/cat/furniture-fu001/,,5,TRUE,2026-04-28
294,IKEA-FUR-LISABO-014,IKEA,Furniture,Living/Bedroom,LISABO Coffee table ash veneer 70x70,أثاث ايكيا LISABO Coffee table ash veneer 70x70,pcs,395,IKEA UAE,https://www.ikea.com/ae/en/cat/furniture-fu001/,,5,TRUE,2026-04-28
295,IKEA-FUR-HEMNES-015,IKEA,Furniture,Living/Bedroom,HEMNES Coffee table white 90x90,أثاث ايكيا HEMNES Coffee table white 90x90,pcs,595,IKEA UAE,https://www.ikea.com/ae/en/cat/furniture-fu001/,,5,TRUE,2026-04-28
296,IKEA-FUR-MALM-016,IKEA,Furniture,Living/Bedroom,MALM Bed frame high white queen,أثاث ايكيا MALM Bed frame high white queen,pcs,895,IKEA UAE,https://www.ikea.com/ae/en/cat/furniture-fu001/,,5,TRUE,2026-04-28
297,IKEA-FUR-MALM-017,IKEA,Furniture,Living/Bedroom,MALM Bed frame high oak veneer queen,أثاث ايكيا MALM Bed frame high oak veneer queen,pcs,1095,IKEA UAE,https://www.ikea.com/ae/en/cat/furniture-fu001/,,5,TRUE,2026-04-28
298,IKEA-FUR-HEMNES-018,IKEA,Furniture,Living/Bedroom,HEMNES Bed frame white queen,أثاث ايكيا HEMNES Bed frame white queen,pcs,1495,IKEA UAE,https://www.ikea.com/ae/en/cat/furniture-fu001/,,5,TRUE,2026-04-28
299,IKEA-FUR-BRIMNE-019,IKEA,Furniture,Living/Bedroom,BRIMNES Bed frame w storage white queen,أثاث ايكيا BRIMNES Bed frame w storage white queen,pcs,1395,IKEA UAE,https://www.ikea.com/ae/en/cat/furniture-fu001/,,5,TRUE,2026-04-28
300,IKEA-FUR-LANGFJ-020,IKEA,Furniture,Living/Bedroom,LANGFJALL Office chair Gunnared beige,أثاث ايكيا LANGFJALL Office chair Gunnared beige,pcs,1295,IKEA UAE,https://www.ikea.com/ae/en/cat/furniture-fu001/,,5,TRUE,2026-04-28
301,HC-SOFA-2201,Home Centre,Furniture,Sofa,HOME CENTRE Helios 3-Seater Fabric Sofa Grey,أريكة هوم سنتر HOME CENTRE Helios 3-Seater Fabric Sofa Grey,pcs,1499,Home Centre UAE,https://www.homecentre.com/ae/en/c/furniture-sofaandseating,,7,TRUE,2026-04-28
302,HC-SOFA-2202,Home Centre,Furniture,Sofa,HOME CENTRE Helios 2-Seater Fabric Sofa Grey,أريكة هوم سنتر HOME CENTRE Helios 2-Seater Fabric Sofa Grey,pcs,1099,Home Centre UAE,https://www.homecentre.com/ae/en/c/furniture-sofaandseating,,7,TRUE,2026-04-28
303,HC-SOFA-2203,Home Centre,Furniture,Sofa,HOME CENTRE Avalon 3-Seater Sofa Beige,أريكة هوم سنتر HOME CENTRE Avalon 3-Seater Sofa Beige,pcs,1799,Home Centre UAE,https://www.homecentre.com/ae/en/c/furniture-sofaandseating,,7,TRUE,2026-04-28
304,HC-SOFA-2204,Home Centre,Furniture,Sofa,HOME CENTRE Avalon Recliner Single Seat,أريكة هوم سنتر HOME CENTRE Avalon Recliner Single Seat,pcs,1399,Home Centre UAE,https://www.homecentre.com/ae/en/c/furniture-sofaandseating,,7,TRUE,2026-04-28
305,HC-SOFA-2205,Home Centre,Furniture,Sofa,HOME CENTRE Boston L-Shape Sofa Right Grey,أريكة هوم سنتر HOME CENTRE Boston L-Shape Sofa Right Grey,pcs,3499,Home Centre UAE,https://www.homecentre.com/ae/en/c/furniture-sofaandseating,,7,TRUE,2026-04-28
306,HC-SOFA-2206,Home Centre,Furniture,Sofa,HOME CENTRE Boston L-Shape Sofa Left Grey,أريكة هوم سنتر HOME CENTRE Boston L-Shape Sofa Left Grey,pcs,3499,Home Centre UAE,https://www.homecentre.com/ae/en/c/furniture-sofaandseating,,7,TRUE,2026-04-28
307,HC-SOFA-2207,Home Centre,Furniture,Sofa,HOME CENTRE Lemur 3-Seater Leather Sofa Brown,أريكة هوم سنتر HOME CENTRE Lemur 3-Seater Leather Sofa Brown,pcs,2999,Home Centre UAE,https://www.homecentre.com/ae/en/c/furniture-sofaandseating,,7,TRUE,2026-04-28
308,HC-SOFA-2208,Home Centre,Furniture,Sofa,HOME CENTRE Lemur 2-Seater Leather Sofa Brown,أريكة هوم سنتر HOME CENTRE Lemur 2-Seater Leather Sofa Brown,pcs,2299,Home Centre UAE,https://www.homecentre.com/ae/en/c/furniture-sofaandseating,,7,TRUE,2026-04-28
309,HC-SOFA-2209,Home Centre,Furniture,Sofa,HOME CENTRE Olive 5-Seater Sofa Set,أريكة هوم سنتر HOME CENTRE Olive 5-Seater Sofa Set,pcs,4499,Home Centre UAE,https://www.homecentre.com/ae/en/c/furniture-sofaandseating,,7,TRUE,2026-04-28
310,HC-SOFA-2210,Home Centre,Furniture,Sofa,HOME CENTRE Maxim Recliner Sofa 3-Seater,أريكة هوم سنتر HOME CENTRE Maxim Recliner Sofa 3-Seater,pcs,3999,Home Centre UAE,https://www.homecentre.com/ae/en/c/furniture-sofaandseating,,7,TRUE,2026-04-28
311,HC-SOFA-2211,Home Centre,Furniture,Sofa,HOME CENTRE Maxim Recliner Sofa 2-Seater,أريكة هوم سنتر HOME CENTRE Maxim Recliner Sofa 2-Seater,pcs,2999,Home Centre UAE,https://www.homecentre.com/ae/en/c/furniture-sofaandseating,,7,TRUE,2026-04-28
312,HC-SOFA-2212,Home Centre,Furniture,Sofa,HOME CENTRE Lily Sofa Bed Convertible,أريكة هوم سنتر HOME CENTRE Lily Sofa Bed Convertible,pcs,1899,Home Centre UAE,https://www.homecentre.com/ae/en/c/furniture-sofaandseating,,7,TRUE,2026-04-28
313,HC-SOFA-2213,Home Centre,Furniture,Sofa,HOME CENTRE Andes Modular Sofa 3-Piece,أريكة هوم سنتر HOME CENTRE Andes Modular Sofa 3-Piece,pcs,4999,Home Centre UAE,https://www.homecentre.com/ae/en/c/furniture-sofaandseating,,7,TRUE,2026-04-28
314,HC-SOFA-2214,Home Centre,Furniture,Sofa,HOME CENTRE Floyd Single Sofa Chair Velvet,أريكة هوم سنتر HOME CENTRE Floyd Single Sofa Chair Velvet,pcs,1299,Home Centre UAE,https://www.homecentre.com/ae/en/c/furniture-sofaandseating,,7,TRUE,2026-04-28
315,HC-SOFA-2215,Home Centre,Furniture,Sofa,HOME CENTRE Floyd Single Sofa Chair Linen,أريكة هوم سنتر HOME CENTRE Floyd Single Sofa Chair Linen,pcs,1199,Home Centre UAE,https://www.homecentre.com/ae/en/c/furniture-sofaandseating,,7,TRUE,2026-04-28
316,HC-DIN-2301,Home Centre,Furniture,Dining,HOME CENTRE Sam Bar Table Walnut,طاولة طعام هوم سنتر HOME CENTRE Sam Bar Table Walnut,pcs,999,Home Centre UAE,https://www.homecentre.com/ae/en/c/furniture-diningroom,,7,TRUE,2026-04-28
317,HC-DIN-2302,Home Centre,Furniture,Dining,HOME CENTRE Mocha 6-Seater Dining Set,طاولة طعام هوم سنتر HOME CENTRE Mocha 6-Seater Dining Set,pcs,2999,Home Centre UAE,https://www.homecentre.com/ae/en/c/furniture-diningroom,,7,TRUE,2026-04-28
318,HC-DIN-2303,Home Centre,Furniture,Dining,HOME CENTRE Mocha 4-Seater Dining Set,طاولة طعام هوم سنتر HOME CENTRE Mocha 4-Seater Dining Set,pcs,1799,Home Centre UAE,https://www.homecentre.com/ae/en/c/furniture-diningroom,,7,TRUE,2026-04-28
319,HC-DIN-2304,Home Centre,Furniture,Dining,HOME CENTRE Tiana Round Dining Table 4-Seater,طاولة طعام هوم سنتر HOME CENTRE Tiana Round Dining Table 4-Seater,pcs,1499,Home Centre UAE,https://www.homecentre.com/ae/en/c/furniture-diningroom,,7,TRUE,2026-04-28
320,HC-DIN-2305,Home Centre,Furniture,Dining,HOME CENTRE Tiana Extendable Dining Table 6-8 Seater,طاولة طعام هوم سنتر HOME CENTRE Tiana Extendable Dining Table 6-8 Seater,pcs,2499,Home Centre UAE,https://www.homecentre.com/ae/en/c/furniture-diningroom,,7,TRUE,2026-04-28
321,HC-DIN-2306,Home Centre,Furniture,Dining,HOME CENTRE Adelaide 6-Seater Wooden Dining Table,طاولة طعام هوم سنتر HOME CENTRE Adelaide 6-Seater Wooden Dining Table,pcs,1999,Home Centre UAE,https://www.homecentre.com/ae/en/c/furniture-diningroom,,7,TRUE,2026-04-28
322,HC-DIN-2307,Home Centre,Furniture,Dining,HOME CENTRE Adelaide Dining Chair (Set of 2),طاولة طعام هوم سنتر HOME CENTRE Adelaide Dining Chair (Set of 2),pcs,599,Home Centre UAE,https://www.homecentre.com/ae/en/c/furniture-diningroom,,7,TRUE,2026-04-28
323,HC-DIN-2308,Home Centre,Furniture,Dining,HOME CENTRE Bay Dining Bench Wooden,طاولة طعام هوم سنتر HOME CENTRE Bay Dining Bench Wooden,pcs,749,Home Centre UAE,https://www.homecentre.com/ae/en/c/furniture-diningroom,,7,TRUE,2026-04-28
324,HC-DIN-2309,Home Centre,Furniture,Dining,HOME CENTRE Marble Top 6-Seater Dining Set,طاولة طعام هوم سنتر HOME CENTRE Marble Top 6-Seater Dining Set,pcs,4999,Home Centre UAE,https://www.homecentre.com/ae/en/c/furniture-diningroom,,7,TRUE,2026-04-28
325,HC-DIN-2310,Home Centre,Furniture,Dining,HOME CENTRE Glass Top Round Dining Table 4-Seater,طاولة طعام هوم سنتر HOME CENTRE Glass Top Round Dining Table 4-Seater,pcs,1199,Home Centre UAE,https://www.homecentre.com/ae/en/c/furniture-diningroom,,7,TRUE,2026-04-28
326,HC-DIN-2311,Home Centre,Furniture,Dining,HOME CENTRE Bar Stool Wooden Set of 2,طاولة طعام هوم سنتر HOME CENTRE Bar Stool Wooden Set of 2,pcs,549,Home Centre UAE,https://www.homecentre.com/ae/en/c/furniture-diningroom,,7,TRUE,2026-04-28
327,HC-DIN-2312,Home Centre,Furniture,Dining,HOME CENTRE Counter Height Bar Table,طاولة طعام هوم سنتر HOME CENTRE Counter Height Bar Table,pcs,899,Home Centre UAE,https://www.homecentre.com/ae/en/c/furniture-diningroom,,7,TRUE,2026-04-28
328,HC-LIV-2401,Home Centre,Furniture,Living Room,HOME CENTRE Ashland Coffee Table Walnut,أثاث صالون هوم سنتر HOME CENTRE Ashland Coffee Table Walnut,pcs,1099,Home Centre UAE,https://www.homecentre.com/ae/en/c/furniture-livingroom,,7,TRUE,2026-04-28
329,HC-LIV-2402,Home Centre,Furniture,Living Room,HOME CENTRE Ashland Side Table Walnut,أثاث صالون هوم سنتر HOME CENTRE Ashland Side Table Walnut,pcs,549,Home Centre UAE,https://www.homecentre.com/ae/en/c/furniture-livingroom,,7,TRUE,2026-04-28
330,HC-LIV-2403,Home Centre,Furniture,Living Room,HOME CENTRE Quartz Coffee Table Marble Top,أثاث صالون هوم سنتر HOME CENTRE Quartz Coffee Table Marble Top,pcs,1499,Home Centre UAE,https://www.homecentre.com/ae/en/c/furniture-livingroom,,7,TRUE,2026-04-28
331,HC-LIV-2404,Home Centre,Furniture,Living Room,HOME CENTRE Cosmo TV Unit 180cm Walnut,أثاث صالون هوم سنتر HOME CENTRE Cosmo TV Unit 180cm Walnut,pcs,1799,Home Centre UAE,https://www.homecentre.com/ae/en/c/furniture-livingroom,,7,TRUE,2026-04-28
332,HC-LIV-2405,Home Centre,Furniture,Living Room,HOME CENTRE Cosmo TV Unit 150cm White,أثاث صالون هوم سنتر HOME CENTRE Cosmo TV Unit 150cm White,pcs,1499,Home Centre UAE,https://www.homecentre.com/ae/en/c/furniture-livingroom,,7,TRUE,2026-04-28
333,HC-LIV-2406,Home Centre,Furniture,Living Room,HOME CENTRE Floating TV Unit Wall-mounted,أثاث صالون هوم سنتر HOME CENTRE Floating TV Unit Wall-mounted,pcs,999,Home Centre UAE,https://www.homecentre.com/ae/en/c/furniture-livingroom,,7,TRUE,2026-04-28
334,HC-LIV-2407,Home Centre,Furniture,Living Room,HOME CENTRE Wall Shelf Set of 3 Wood,أثاث صالون هوم سنتر HOME CENTRE Wall Shelf Set of 3 Wood,pcs,299,Home Centre UAE,https://www.homecentre.com/ae/en/c/furniture-livingroom,,7,TRUE,2026-04-28
335,HC-LIV-2408,Home Centre,Furniture,Living Room,HOME CENTRE Bookshelf 5-Tier Walnut,أثاث صالون هوم سنتر HOME CENTRE Bookshelf 5-Tier Walnut,pcs,899,Home Centre UAE,https://www.homecentre.com/ae/en/c/furniture-livingroom,,7,TRUE,2026-04-28
336,HC-LIV-2409,Home Centre,Furniture,Living Room,HOME CENTRE Console Table Slim 110cm,أثاث صالون هوم سنتر HOME CENTRE Console Table Slim 110cm,pcs,749,Home Centre UAE,https://www.homecentre.com/ae/en/c/furniture-livingroom,,7,TRUE,2026-04-28
337,HC-LIV-2410,Home Centre,Furniture,Living Room,HOME CENTRE Nest of Tables Set of 3,أثاث صالون هوم سنتر HOME CENTRE Nest of Tables Set of 3,pcs,899,Home Centre UAE,https://www.homecentre.com/ae/en/c/furniture-livingroom,,7,TRUE,2026-04-28
338,HC-BED-2501,Home Centre,Furniture,Bedroom,HOME CENTRE Mocha Queen Bed with Storage Walnut,أثاث غرفة نوم هوم سنتر HOME CENTRE Mocha Queen Bed with Storage Walnut,pcs,2499,Home Centre UAE,https://www.homecentre.com/ae/en/c/furniture-bedroom,,7,TRUE,2026-04-28
339,HC-BED-2502,Home Centre,Furniture,Bedroom,HOME CENTRE Mocha King Bed with Storage Walnut,أثاث غرفة نوم هوم سنتر HOME CENTRE Mocha King Bed with Storage Walnut,pcs,2999,Home Centre UAE,https://www.homecentre.com/ae/en/c/furniture-bedroom,,7,TRUE,2026-04-28
340,HC-BED-2503,Home Centre,Furniture,Bedroom,HOME CENTRE Astra 3-Door Wardrobe White,أثاث غرفة نوم هوم سنتر HOME CENTRE Astra 3-Door Wardrobe White,pcs,2299,Home Centre UAE,https://www.homecentre.com/ae/en/c/furniture-bedroom,,7,TRUE,2026-04-28
341,HC-BED-2504,Home Centre,Furniture,Bedroom,HOME CENTRE Astra 4-Door Wardrobe Walnut,أثاث غرفة نوم هوم سنتر HOME CENTRE Astra 4-Door Wardrobe Walnut,pcs,2999,Home Centre UAE,https://www.homecentre.com/ae/en/c/furniture-bedroom,,7,TRUE,2026-04-28
342,HC-BED-2505,Home Centre,Furniture,Bedroom,HOME CENTRE Sliding Door Wardrobe 2-Door,أثاث غرفة نوم هوم سنتر HOME CENTRE Sliding Door Wardrobe 2-Door,pcs,2799,Home Centre UAE,https://www.homecentre.com/ae/en/c/furniture-bedroom,,7,TRUE,2026-04-28
343,HC-BED-2506,Home Centre,Furniture,Bedroom,HOME CENTRE Bedside Table Set of 2 Walnut,أثاث غرفة نوم هوم سنتر HOME CENTRE Bedside Table Set of 2 Walnut,pcs,799,Home Centre UAE,https://www.homecentre.com/ae/en/c/furniture-bedroom,,7,TRUE,2026-04-28
344,HC-BED-2507,Home Centre,Furniture,Bedroom,HOME CENTRE Dresser with Mirror 6-Drawer,أثاث غرفة نوم هوم سنتر HOME CENTRE Dresser with Mirror 6-Drawer,pcs,1899,Home Centre UAE,https://www.homecentre.com/ae/en/c/furniture-bedroom,,7,TRUE,2026-04-28
345,HC-BED-2508,Home Centre,Furniture,Bedroom,HOME CENTRE Chest of Drawers 5-Drawer,أثاث غرفة نوم هوم سنتر HOME CENTRE Chest of Drawers 5-Drawer,pcs,1499,Home Centre UAE,https://www.homecentre.com/ae/en/c/furniture-bedroom,,7,TRUE,2026-04-28
346,HC-SFT-2601,Home Centre,Soft Furnishings,Bedding,HOME CENTRE Cotton Fitted Sheet King 200tc White,مفروشات هوم سنتر HOME CENTRE Cotton Fitted Sheet King 200tc White,pcs,149,Home Centre UAE,https://www.homecentre.com/ae/en/c/household-beddingandcushions,,3,TRUE,2026-04-28
347,HC-SFT-2602,Home Centre,Soft Furnishings,Bedding,HOME CENTRE Cotton Fitted Sheet Queen 200tc White,مفروشات هوم سنتر HOME CENTRE Cotton Fitted Sheet Queen 200tc White,pcs,119,Home Centre UAE,https://www.homecentre.com/ae/en/c/household-beddingandcushions,,3,TRUE,2026-04-28
348,HC-SFT-2603,Home Centre,Soft Furnishings,Bedding,HOME CENTRE Cotton Fitted Sheet King 200tc Grey,مفروشات هوم سنتر HOME CENTRE Cotton Fitted Sheet King 200tc Grey,pcs,149,Home Centre UAE,https://www.homecentre.com/ae/en/c/household-beddingandcushions,,3,TRUE,2026-04-28
349,HC-SFT-2604,Home Centre,Soft Furnishings,Bedding,HOME CENTRE Cotton Bed Sheet Set King 4-pcs,مفروشات هوم سنتر HOME CENTRE Cotton Bed Sheet Set King 4-pcs,pcs,299,Home Centre UAE,https://www.homecentre.com/ae/en/c/household-beddingandcushions,,3,TRUE,2026-04-28
350,HC-SFT-2605,Home Centre,Soft Furnishings,Bedding,HOME CENTRE Cotton Bed Sheet Set Queen 4-pcs,مفروشات هوم سنتر HOME CENTRE Cotton Bed Sheet Set Queen 4-pcs,pcs,249,Home Centre UAE,https://www.homecentre.com/ae/en/c/household-beddingandcushions,,3,TRUE,2026-04-28
351,HC-SFT-2606,Home Centre,Soft Furnishings,Bedding,HOME CENTRE Microfiber Comforter King,مفروشات هوم سنتر HOME CENTRE Microfiber Comforter King,pcs,399,Home Centre UAE,https://www.homecentre.com/ae/en/c/household-beddingandcushions,,3,TRUE,2026-04-28
352,HC-SFT-2607,Home Centre,Soft Furnishings,Bedding,HOME CENTRE Microfiber Comforter Queen,مفروشات هوم سنتر HOME CENTRE Microfiber Comforter Queen,pcs,299,Home Centre UAE,https://www.homecentre.com/ae/en/c/household-beddingandcushions,,3,TRUE,2026-04-28
353,HC-SFT-2608,Home Centre,Soft Furnishings,Bedding,HOME CENTRE Memory Foam Pillow Standard,مفروشات هوم سنتر HOME CENTRE Memory Foam Pillow Standard,pcs,99,Home Centre UAE,https://www.homecentre.com/ae/en/c/household-beddingandcushions,,3,TRUE,2026-04-28
354,HC-SFT-2609,Home Centre,Soft Furnishings,Bedding,HOME CENTRE Memory Foam Pillow King,مفروشات هوم سنتر HOME CENTRE Memory Foam Pillow King,pcs,129,Home Centre UAE,https://www.homecentre.com/ae/en/c/household-beddingandcushions,,3,TRUE,2026-04-28
355,HC-SFT-2610,Home Centre,Soft Furnishings,Bedding,HOME CENTRE Decorative Cushion Cover 45x45 Set of 2,مفروشات هوم سنتر HOME CENTRE Decorative Cushion Cover 45x45 Set of 2,pcs,59,Home Centre UAE,https://www.homecentre.com/ae/en/c/household-beddingandcushions,,3,TRUE,2026-04-28
356,HC-SFT-2611,Home Centre,Soft Furnishings,Bedding,HOME CENTRE Throw Blanket Knitted 130x170,مفروشات هوم سنتر HOME CENTRE Throw Blanket Knitted 130x170,pcs,149,Home Centre UAE,https://www.homecentre.com/ae/en/c/household-beddingandcushions,,3,TRUE,2026-04-28
357,HC-SFT-2612,Home Centre,Soft Furnishings,Bedding,HOME CENTRE Mattress Topper Cotton Queen,مفروشات هوم سنتر HOME CENTRE Mattress Topper Cotton Queen,pcs,249,Home Centre UAE,https://www.homecentre.com/ae/en/c/household-beddingandcushions,,3,TRUE,2026-04-28
358,HC-CSH-2701,Home Centre,Soft Furnishings,Cushions/Throws,HOME CENTRE Filled Cushion 45x45 Velvet Beige,وسائد هوم سنتر HOME CENTRE Filled Cushion 45x45 Velvet Beige,pcs,79,Home Centre UAE,https://www.homecentre.com/ae/en/c/household-cushionsandthrows,,3,TRUE,2026-04-28
359,HC-CSH-2702,Home Centre,Soft Furnishings,Cushions/Throws,HOME CENTRE Filled Cushion 45x45 Velvet Navy,وسائد هوم سنتر HOME CENTRE Filled Cushion 45x45 Velvet Navy,pcs,79,Home Centre UAE,https://www.homecentre.com/ae/en/c/household-cushionsandthrows,,3,TRUE,2026-04-28
360,HC-CSH-2703,Home Centre,Soft Furnishings,Cushions/Throws,HOME CENTRE Filled Cushion 60x60 Cotton Grey,وسائد هوم سنتر HOME CENTRE Filled Cushion 60x60 Cotton Grey,pcs,99,Home Centre UAE,https://www.homecentre.com/ae/en/c/household-cushionsandthrows,,3,TRUE,2026-04-28
361,HC-CSH-2704,Home Centre,Soft Furnishings,Cushions/Throws,HOME CENTRE Outdoor Cushion 50x50 Waterproof,وسائد هوم سنتر HOME CENTRE Outdoor Cushion 50x50 Waterproof,pcs,119,Home Centre UAE,https://www.homecentre.com/ae/en/c/household-cushionsandthrows,,3,TRUE,2026-04-28
362,HC-CSH-2705,Home Centre,Soft Furnishings,Cushions/Throws,HOME CENTRE Floor Cushion 70x70 Linen,وسائد هوم سنتر HOME CENTRE Floor Cushion 70x70 Linen,pcs,199,Home Centre UAE,https://www.homecentre.com/ae/en/c/household-cushionsandthrows,,3,TRUE,2026-04-28
363,HC-CSH-2706,Home Centre,Soft Furnishings,Cushions/Throws,HOME CENTRE Bean Bag XL Faux Leather,وسائد هوم سنتر HOME CENTRE Bean Bag XL Faux Leather,pcs,599,Home Centre UAE,https://www.homecentre.com/ae/en/c/household-cushionsandthrows,,3,TRUE,2026-04-28
364,HC-CSH-2707,Home Centre,Soft Furnishings,Cushions/Throws,HOME CENTRE Pouf Round Knitted Beige,وسائد هوم سنتر HOME CENTRE Pouf Round Knitted Beige,pcs,299,Home Centre UAE,https://www.homecentre.com/ae/en/c/household-cushionsandthrows,,3,TRUE,2026-04-28
365,HC-CSH-2708,Home Centre,Soft Furnishings,Cushions/Throws,HOME CENTRE Throw 130x170 Faux Fur,وسائد هوم سنتر HOME CENTRE Throw 130x170 Faux Fur,pcs,199,Home Centre UAE,https://www.homecentre.com/ae/en/c/household-cushionsandthrows,,3,TRUE,2026-04-28
366,HC-CSH-2709,Home Centre,Soft Furnishings,Cushions/Throws,HOME CENTRE Throw 130x170 Cotton Knit,وسائد هوم سنتر HOME CENTRE Throw 130x170 Cotton Knit,pcs,159,Home Centre UAE,https://www.homecentre.com/ae/en/c/household-cushionsandthrows,,3,TRUE,2026-04-28
367,HC-CSH-2710,Home Centre,Soft Furnishings,Cushions/Throws,HOME CENTRE Chair Pad Set of 4,وسائد هوم سنتر HOME CENTRE Chair Pad Set of 4,pcs,89,Home Centre UAE,https://www.homecentre.com/ae/en/c/household-cushionsandthrows,,3,TRUE,2026-04-28
368,HC-CUR-2801,Home Centre,Soft Furnishings,Window Treatments,HOME CENTRE Blackout Curtain 140x230 Beige,ستائر هوم سنتر HOME CENTRE Blackout Curtain 140x230 Beige,pcs,199,Home Centre UAE,https://www.homecentre.com/ae/en/c/household-curtainsandblinds,,3,TRUE,2026-04-28
369,HC-CUR-2802,Home Centre,Soft Furnishings,Window Treatments,HOME CENTRE Blackout Curtain 140x230 Grey,ستائر هوم سنتر HOME CENTRE Blackout Curtain 140x230 Grey,pcs,199,Home Centre UAE,https://www.homecentre.com/ae/en/c/household-curtainsandblinds,,3,TRUE,2026-04-28
370,HC-CUR-2803,Home Centre,Soft Furnishings,Window Treatments,HOME CENTRE Sheer Curtain 140x230 White,ستائر هوم سنتر HOME CENTRE Sheer Curtain 140x230 White,pcs,99,Home Centre UAE,https://www.homecentre.com/ae/en/c/household-curtainsandblinds,,3,TRUE,2026-04-28
371,HC-CUR-2804,Home Centre,Soft Furnishings,Window Treatments,HOME CENTRE Eyelet Curtain Linen 140x230,ستائر هوم سنتر HOME CENTRE Eyelet Curtain Linen 140x230,pcs,249,Home Centre UAE,https://www.homecentre.com/ae/en/c/household-curtainsandblinds,,3,TRUE,2026-04-28
372,HC-CUR-2805,Home Centre,Soft Furnishings,Window Treatments,HOME CENTRE Velvet Curtain 140x300 Navy,ستائر هوم سنتر HOME CENTRE Velvet Curtain 140x300 Navy,pcs,349,Home Centre UAE,https://www.homecentre.com/ae/en/c/household-curtainsandblinds,,3,TRUE,2026-04-28
373,HC-CUR-2806,Home Centre,Soft Furnishings,Window Treatments,HOME CENTRE Curtain Rod Adjustable 120-220cm,ستائر هوم سنتر HOME CENTRE Curtain Rod Adjustable 120-220cm,pcs,149,Home Centre UAE,https://www.homecentre.com/ae/en/c/household-curtainsandblinds,,3,TRUE,2026-04-28
374,HC-CUR-2807,Home Centre,Soft Furnishings,Window Treatments,HOME CENTRE Roller Blind Blackout 100x180,ستائر هوم سنتر HOME CENTRE Roller Blind Blackout 100x180,pcs,179,Home Centre UAE,https://www.homecentre.com/ae/en/c/household-curtainsandblinds,,3,TRUE,2026-04-28
375,HC-CUR-2808,Home Centre,Soft Furnishings,Window Treatments,HOME CENTRE Roman Blind Linen 100x180,ستائر هوم سنتر HOME CENTRE Roman Blind Linen 100x180,pcs,249,Home Centre UAE,https://www.homecentre.com/ae/en/c/household-curtainsandblinds,,3,TRUE,2026-04-28
376,HC-DEC-2901,Home Centre,Decor,Home Decor,HOME CENTRE Wall Art Canvas 80x60 Abstract,ديكور هوم سنتر HOME CENTRE Wall Art Canvas 80x60 Abstract,pcs,299,Home Centre UAE,https://www.homecentre.com/ae/en/c/household-decor,,3,TRUE,2026-04-28
377,HC-DEC-2902,Home Centre,Decor,Home Decor,HOME CENTRE Wall Mirror Round 80cm Gold,ديكور هوم سنتر HOME CENTRE Wall Mirror Round 80cm Gold,pcs,449,Home Centre UAE,https://www.homecentre.com/ae/en/c/household-decor,,3,TRUE,2026-04-28
378,HC-DEC-2903,Home Centre,Decor,Home Decor,HOME CENTRE Floor Vase Ceramic 50cm,ديكور هوم سنتر HOME CENTRE Floor Vase Ceramic 50cm,pcs,249,Home Centre UAE,https://www.homecentre.com/ae/en/c/household-decor,,3,TRUE,2026-04-28
379,HC-DEC-2904,Home Centre,Decor,Home Decor,HOME CENTRE Table Lamp Brass Base w/ Linen Shade,ديكور هوم سنتر HOME CENTRE Table Lamp Brass Base w/ Linen Shade,pcs,249,Home Centre UAE,https://www.homecentre.com/ae/en/c/household-decor,,3,TRUE,2026-04-28
380,HC-DEC-2905,Home Centre,Decor,Home Decor,HOME CENTRE Area Rug Wool Blend 160x230,ديكور هوم سنتر HOME CENTRE Area Rug Wool Blend 160x230,pcs,899,Home Centre UAE,https://www.homecentre.com/ae/en/c/household-decor,,3,TRUE,2026-04-28
381,ACE-PNT-2298848,Jotun,Paint & Supplies,Paint,Jotun Acrylic Emulsion Exterior Primer 18L White,دهان Jotun Acrylic Emulsion Exterior Primer 18L White,pcs,285,Ace Hardware UAE,https://www.aceuae.com/en-ae/jotun-acrylic-emulsion-exterior-primer-18l-white/2298848.html,,2,TRUE,2026-04-28
382,ACE-PNT-2298847,Jotun,Paint & Supplies,Paint,Jotun Acrylic Emulsion Exterior Primer 4L White,دهان Jotun Acrylic Emulsion Exterior Primer 4L White,pcs,95,Ace Hardware UAE,https://www.aceuae.com/en-ae/jotun-acrylic-emulsion-exterior-primer-4l-white/2298847.html,,2,TRUE,2026-04-28
383,ACE-PNT-2051731,Jotun,Paint & Supplies,Paint,Jotun PVA Primer White 18L,دهان Jotun PVA Primer White 18L,pcs,195,Ace Hardware UAE,https://www.aceuae.com/en-ae/jotun-pva-primer-white-18l/2051731.html,,2,TRUE,2026-04-28
384,ACE-PNT-2051844,Jotun,Paint & Supplies,Paint,Jotun PVA Primer White 4L,دهان Jotun PVA Primer White 4L,pcs,65,Ace Hardware UAE,https://www.aceuae.com/en-ae/jotun-pva-primer-white-4l/2051844.html,,2,TRUE,2026-04-28
385,ACE-PNT-2172043,Jotun,Paint & Supplies,Paint,Jotun Fenomastic Emulsion Primer Paint 18L,دهان Jotun Fenomastic Emulsion Primer Paint 18L,pcs,245,Ace Hardware UAE,https://www.aceuae.com/en-ae/jotun-fenomastic-emulsion-primer-paint-18l/2172043.html,,2,TRUE,2026-04-28
386,ACE-PNT-2172022,Jotun,Paint & Supplies,Paint,Jotun Fenomastic Pure Color Interior Enamel Base C 900ml Matte,دهان Jotun Fenomastic Pure Color Interior Enamel Base C 900ml Matte,pcs,75,Ace Hardware UAE,https://www.aceuae.com/en-ae/jotun-fenomastic-pure-color-interior-enamel-base-c-900ml-mat/2172022.html,,2,TRUE,2026-04-28
387,ACE-PNT-2298849,Jotun,Paint & Supplies,Paint,Jotun Bengalac Wood Primer 4L White,دهان Jotun Bengalac Wood Primer 4L White,pcs,109,Ace Hardware UAE,https://www.aceuae.com/en-ae/jotun-bengalac-wood-primer-4l-white/2298849.html,,2,TRUE,2026-04-28
388,ACE-PNT-2298837,Jotun,Paint & Supplies,Paint,Jotun Jotashield Eterna Smooth Exterior Base A 16.2L,دهان Jotun Jotashield Eterna Smooth Exterior Base A 16.2L,pcs,595,Ace Hardware UAE,https://www.aceuae.com/en-ae/jotun-jotashield-eterna-smooth-exterior-base-a-16.2l/2298837.html,,2,TRUE,2026-04-28
389,ACE-PNT-2298840,Jotun,Paint & Supplies,Paint,Jotun Majestic True Beauty Matt Interior 4L White,دهان Jotun Majestic True Beauty Matt Interior 4L White,pcs,175,Ace Hardware UAE,https://www.aceuae.com/en-ae/jotun-majestic-true-beauty-matt-interior-4l-white/2298840.html,,2,TRUE,2026-04-28
390,ACE-PNT-2298841,Jotun,Paint & Supplies,Paint,Jotun Majestic True Beauty Matt Interior 18L White,دهان Jotun Majestic True Beauty Matt Interior 18L White,pcs,595,Ace Hardware UAE,https://www.aceuae.com/en-ae/jotun-majestic-true-beauty-matt-interior-18l-white/2298841.html,,2,TRUE,2026-04-28
391,ACE-PNT-2298842,Jotun,Paint & Supplies,Paint,Jotun Fenomastic Emotions Matt Interior 4L White,دهان Jotun Fenomastic Emotions Matt Interior 4L White,pcs,145,Ace Hardware UAE,https://www.aceuae.com/en-ae/jotun-fenomastic-emotions-matt-interior-4l-white/2298842.html,,2,TRUE,2026-04-28
392,ACE-PNT-2298843,Jotun,Paint & Supplies,Paint,Jotun Fenomastic Emotions Matt Interior 18L White,دهان Jotun Fenomastic Emotions Matt Interior 18L White,pcs,495,Ace Hardware UAE,https://www.aceuae.com/en-ae/jotun-fenomastic-emotions-matt-interior-18l-white/2298843.html,,2,TRUE,2026-04-28
393,ACE-PNT-2298844,Jotun,Paint & Supplies,Paint,Jotun Fenomastic Hygiene Plus 4L White,دهان Jotun Fenomastic Hygiene Plus 4L White,pcs,165,Ace Hardware UAE,https://www.aceuae.com/en-ae/jotun-fenomastic-hygiene-plus-4l-white/2298844.html,,2,TRUE,2026-04-28
394,ACE-PNT-2298850,Jotun,Paint & Supplies,Paint,Jotun Bengalac Eggshell Enamel 4L White,دهان Jotun Bengalac Eggshell Enamel 4L White,pcs,119,Ace Hardware UAE,https://www.aceuae.com/en-ae/jotun-bengalac-eggshell-enamel-4l-white/2298850.html,,2,TRUE,2026-04-28
395,ACE-PNT-2298851,Jotun,Paint & Supplies,Paint,Jotun Bengalac Gloss Enamel 4L White,دهان Jotun Bengalac Gloss Enamel 4L White,pcs,125,Ace Hardware UAE,https://www.aceuae.com/en-ae/jotun-bengalac-gloss-enamel-4l-white/2298851.html,,2,TRUE,2026-04-28
396,ACE-PNT-2298852,Jotun,Paint & Supplies,Paint,Jotun Drygolin Wood Stain 2.7L Brown,دهان Jotun Drygolin Wood Stain 2.7L Brown,pcs,175,Ace Hardware UAE,https://www.aceuae.com/en-ae/jotun-drygolin-wood-stain-2.7l-brown/2298852.html,,2,TRUE,2026-04-28
397,ACE-PNT-2298853,Jotun,Paint & Supplies,Paint,Jotun Visir Antifouling Marine Paint 4L Black,دهان Jotun Visir Antifouling Marine Paint 4L Black,pcs,195,Ace Hardware UAE,https://www.aceuae.com/en-ae/jotun-visir-antifouling-marine-paint-4l-black/2298853.html,,2,TRUE,2026-04-28
398,ACE-PNT-2050100,Berger,Paint & Supplies,Paint,Berger Silk Emulsion 18L White,دهان Berger Silk Emulsion 18L White,pcs,425,Ace Hardware UAE,https://www.aceuae.com/en-ae/berger-silk-emulsion-18l-white/2050100.html,,2,TRUE,2026-04-28
399,ACE-PNT-2050101,Berger,Paint & Supplies,Paint,Berger Magic Touch 18L White,دهان Berger Magic Touch 18L White,pcs,495,Ace Hardware UAE,https://www.aceuae.com/en-ae/berger-magic-touch-18l-white/2050101.html,,2,TRUE,2026-04-28
400,ACE-PNT-2050102,Berger,Paint & Supplies,Paint,Berger Easy Clean Matt 4L White,دهان Berger Easy Clean Matt 4L White,pcs,99,Ace Hardware UAE,https://www.aceuae.com/en-ae/berger-easy-clean-matt-4l-white/2050102.html,,2,TRUE,2026-04-28
401,ACE-PNT-2050200,Crown,Paint & Supplies,Paint,Crown Sandtex Smooth Masonry 5L White,دهان Crown Sandtex Smooth Masonry 5L White,pcs,225,Ace Hardware UAE,https://www.aceuae.com/en-ae/crown-sandtex-smooth-masonry-5l-white/2050200.html,,2,TRUE,2026-04-28
402,ACE-PNT-2050300,Dulux,Paint & Supplies,Paint,Dulux Weathershield Powerflexx 4L White,دهان Dulux Weathershield Powerflexx 4L White,pcs,285,Ace Hardware UAE,https://www.aceuae.com/en-ae/dulux-weathershield-powerflexx-4l-white/2050300.html,,2,TRUE,2026-04-28
403,ACE-PNT-2050301,Dulux,Paint & Supplies,Paint,Dulux Easycare Matt 5L White,دهان Dulux Easycare Matt 5L White,pcs,195,Ace Hardware UAE,https://www.aceuae.com/en-ae/dulux-easycare-matt-5l-white/2050301.html,,2,TRUE,2026-04-28
404,ACE-PNT-2055005,Roller,Paint & Supplies,Painting Supplies,Roller Sleeve Pack 9-inch 3pcs,دهان Roller Sleeve Pack 9-inch 3pcs,pcs,35,Ace Hardware UAE,https://www.aceuae.com/en-ae/roller-sleeve-pack-9-inch-3pcs/2055005.html,,2,TRUE,2026-04-28
405,ACE-PNT-2055006,Paint,Paint & Supplies,Painting Supplies,Paint Brush Set 5pcs Synthetic Bristle,دهان Paint Brush Set 5pcs Synthetic Bristle,pcs,45,Ace Hardware UAE,https://www.aceuae.com/en-ae/paint-brush-set-5pcs-synthetic-bristle/2055006.html,,2,TRUE,2026-04-28
406,ACE-PLS-2060100,Sika,Building Materials,Adhesive,Sika Bonding Adhesive SBR 5L,مادة بناء Sika Bonding Adhesive SBR 5L,bag,95,Ace Hardware UAE,https://www.aceuae.com/en-ae/sika-bonding-adhesive-sbr-5l/2060100.html,,2,TRUE,2026-04-28
407,ACE-PLS-2060101,Sika,Building Materials,Tile Adhesive,Sika Cementone Tile Adhesive 25kg White,مادة بناء Sika Cementone Tile Adhesive 25kg White,bag,65,Ace Hardware UAE,https://www.aceuae.com/en-ae/sika-cementone-tile-adhesive-25kg-white/2060101.html,,2,TRUE,2026-04-28
408,ACE-PLS-2060102,Sika,Building Materials,Repair Mortar,Sika MonoTop 615 Repair Mortar 25kg,مادة بناء Sika MonoTop 615 Repair Mortar 25kg,bag,145,Ace Hardware UAE,https://www.aceuae.com/en-ae/sika-monotop-615-repair-mortar-25kg/2060102.html,,2,TRUE,2026-04-28
409,ACE-PLS-2060103,Sika,Building Materials,Waterproofing,Sika 1+ Waterproofing Cementitious 5kg,مادة بناء Sika 1+ Waterproofing Cementitious 5kg,bag,85,Ace Hardware UAE,https://www.aceuae.com/en-ae/sika-1+-waterproofing-cementitious-5kg/2060103.html,,2,TRUE,2026-04-28
410,ACE-PLS-2060110,BASF,Building Materials,Tile Adhesive,BASF MasterTile Adhesive 25kg,مادة بناء BASF MasterTile Adhesive 25kg,bag,75,Ace Hardware UAE,https://www.aceuae.com/en-ae/basf-mastertile-adhesive-25kg/2060110.html,,2,TRUE,2026-04-28
411,ACE-PLS-2060111,Bostik,Building Materials,Tile Adhesive,Bostik Cementite Tile Adhesive 25kg Grey,مادة بناء Bostik Cementite Tile Adhesive 25kg Grey,bag,55,Ace Hardware UAE,https://www.aceuae.com/en-ae/bostik-cementite-tile-adhesive-25kg-grey/2060111.html,,2,TRUE,2026-04-28
412,ACE-PLS-2060120,ABC,Building Materials,Plaster,ABC Premix Plaster 40kg,مادة بناء ABC Premix Plaster 40kg,bag,35,Ace Hardware UAE,https://www.aceuae.com/en-ae/abc-premix-plaster-40kg/2060120.html,,2,TRUE,2026-04-28
413,ACE-PLS-2060121,ABC,Building Materials,Plaster,ABC Skim Coat Smooth Finish 25kg,مادة بناء ABC Skim Coat Smooth Finish 25kg,bag,45,Ace Hardware UAE,https://www.aceuae.com/en-ae/abc-skim-coat-smooth-finish-25kg/2060121.html,,2,TRUE,2026-04-28
414,ACE-PLS-2060130,White,Building Materials,Cement,White Cement 25kg JK Cement,مادة بناء White Cement 25kg JK Cement,bag,55,Ace Hardware UAE,https://www.aceuae.com/en-ae/white-cement-25kg-jk-cement/2060130.html,,2,TRUE,2026-04-28
415,ACE-PLS-2060131,Grey,Building Materials,Cement,Grey Cement OPC 50kg Lafarge,مادة بناء Grey Cement OPC 50kg Lafarge,bag,22,Ace Hardware UAE,https://www.aceuae.com/en-ae/grey-cement-opc-50kg-lafarge/2060131.html,,2,TRUE,2026-04-28
416,ACE-PLS-2060140,Sika,Building Materials,Grout,Sika Grout 212 Non-shrink 25kg,مادة بناء Sika Grout 212 Non-shrink 25kg,bag,95,Ace Hardware UAE,https://www.aceuae.com/en-ae/sika-grout-212-non-shrink-25kg/2060140.html,,2,TRUE,2026-04-28
417,ACE-PLS-2060141,Mapei,Building Materials,Tile Grout,Mapei Ultracolor Plus Tile Grout 5kg White,مادة بناء Mapei Ultracolor Plus Tile Grout 5kg White,bag,65,Ace Hardware UAE,https://www.aceuae.com/en-ae/mapei-ultracolor-plus-tile-grout-5kg-white/2060141.html,,2,TRUE,2026-04-28
418,ACE-PLS-2060142,Mapei,Building Materials,Tile Grout,Mapei Ultracolor Plus Tile Grout 5kg Grey,مادة بناء Mapei Ultracolor Plus Tile Grout 5kg Grey,bag,65,Ace Hardware UAE,https://www.aceuae.com/en-ae/mapei-ultracolor-plus-tile-grout-5kg-grey/2060142.html,,2,TRUE,2026-04-28
419,ACE-PLS-2060150,Sika,Building Materials,Sealant,Sika Silicone Sealant 300ml Clear,مادة بناء Sika Silicone Sealant 300ml Clear,pcs,35,Ace Hardware UAE,https://www.aceuae.com/en-ae/sika-silicone-sealant-300ml-clear/2060150.html,,2,TRUE,2026-04-28
420,ACE-PLS-2060151,Sika,Building Materials,Sealant,Sika Silicone Sealant 300ml Black,مادة بناء Sika Silicone Sealant 300ml Black,pcs,35,Ace Hardware UAE,https://www.aceuae.com/en-ae/sika-silicone-sealant-300ml-black/2060151.html,,2,TRUE,2026-04-28
421,ACE-FIX-2070100,Diall,Hardware,Fixings,Diall Zinc-Plated Concrete Screw 7.5x182mm 6pc,مثبتات Diall Zinc-Plated Concrete Screw 7.5x182mm 6pc,pcs,25,Ace Hardware UAE,https://www.aceuae.com/en-ae/diall-zinc-plated-concrete-screw-7.5x182mm-6pc/2070100.html,,2,TRUE,2026-04-28
422,ACE-FIX-2070101,Diall,Hardware,Fixings,Diall Nylon Frame Fixing Pack 50pc,مثبتات Diall Nylon Frame Fixing Pack 50pc,pcs,39,Ace Hardware UAE,https://www.aceuae.com/en-ae/diall-nylon-frame-fixing-pack-50pc/2070101.html,,2,TRUE,2026-04-28
423,ACE-FIX-2070102,Diall,Hardware,Fixings,Diall Nylon Mushroom Hammer-In Plug 100pc,مثبتات Diall Nylon Mushroom Hammer-In Plug 100pc,pcs,35,Ace Hardware UAE,https://www.aceuae.com/en-ae/diall-nylon-mushroom-hammer-in-plug-100pc/2070102.html,,2,TRUE,2026-04-28
424,ACE-FIX-2070103,Diall,Hardware,Fixings,Diall Wall Plug Universal 100pc,مثبتات Diall Wall Plug Universal 100pc,pcs,19,Ace Hardware UAE,https://www.aceuae.com/en-ae/diall-wall-plug-universal-100pc/2070103.html,,2,TRUE,2026-04-28
425,ACE-FIX-2070104,Diall,Hardware,Fixings,Diall Drywall Anchor Toggle Bolt 25pc,مثبتات Diall Drywall Anchor Toggle Bolt 25pc,pcs,29,Ace Hardware UAE,https://www.aceuae.com/en-ae/diall-drywall-anchor-toggle-bolt-25pc/2070104.html,,2,TRUE,2026-04-28
426,ACE-FIX-2070105,Diall,Hardware,Fixings,Diall Brass Insert M5 50pc,مثبتات Diall Brass Insert M5 50pc,pcs,45,Ace Hardware UAE,https://www.aceuae.com/en-ae/diall-brass-insert-m5-50pc/2070105.html,,2,TRUE,2026-04-28
427,ACE-FIX-2070106,Diall,Hardware,Fixings,Diall Wood Screw Pozi 4x40mm 200pc,مثبتات Diall Wood Screw Pozi 4x40mm 200pc,pcs,35,Ace Hardware UAE,https://www.aceuae.com/en-ae/diall-wood-screw-pozi-4x40mm-200pc/2070106.html,,2,TRUE,2026-04-28
428,ACE-FIX-2070107,Diall,Hardware,Fixings,Diall Self-tapping Screw 4.2x32mm 100pc,مثبتات Diall Self-tapping Screw 4.2x32mm 100pc,pcs,29,Ace Hardware UAE,https://www.aceuae.com/en-ae/diall-self-tapping-screw-4.2x32mm-100pc/2070107.html,,2,TRUE,2026-04-28
429,ACE-FIX-2070108,Hilti,Hardware,Fixings,Hilti HUS3 Concrete Screw Anchor 8x80mm 25pc,مثبتات Hilti HUS3 Concrete Screw Anchor 8x80mm 25pc,pcs,145,Ace Hardware UAE,https://www.aceuae.com/en-ae/hilti-hus3-concrete-screw-anchor-8x80mm-25pc/2070108.html,,2,TRUE,2026-04-28
430,ACE-FIX-2070109,Fischer,Hardware,Fixings,Fischer SX Plug 8x40mm 100pc,مثبتات Fischer SX Plug 8x40mm 100pc,pcs,29,Ace Hardware UAE,https://www.aceuae.com/en-ae/fischer-sx-plug-8x40mm-100pc/2070109.html,,2,TRUE,2026-04-28
431,ACE-FIX-2070110,Fischer,Hardware,Fixings,Fischer FUR 10x115 Frame Fixing 50pc,مثبتات Fischer FUR 10x115 Frame Fixing 50pc,pcs,95,Ace Hardware UAE,https://www.aceuae.com/en-ae/fischer-fur-10x115-frame-fixing-50pc/2070110.html,,2,TRUE,2026-04-28
432,ACE-FIX-2070120,Bosch,Hardware,Fixings,Bosch Fixing Set Universal 173pc,مثبتات Bosch Fixing Set Universal 173pc,pcs,45,Ace Hardware UAE,https://www.aceuae.com/en-ae/bosch-fixing-set-universal-173pc/2070120.html,,2,TRUE,2026-04-28
433,ACE-FIX-2070121,Stanley,Hardware,Fixings,Stanley Wing Nut M6 50pc,مثبتات Stanley Wing Nut M6 50pc,pcs,25,Ace Hardware UAE,https://www.aceuae.com/en-ae/stanley-wing-nut-m6-50pc/2070121.html,,2,TRUE,2026-04-28
434,ACE-FIX-2070122,Diall,Hardware,Fixings,Diall Stainless Steel Bolt M8x60 25pc,مثبتات Diall Stainless Steel Bolt M8x60 25pc,pcs,45,Ace Hardware UAE,https://www.aceuae.com/en-ae/diall-stainless-steel-bolt-m8x60-25pc/2070122.html,,2,TRUE,2026-04-28
435,ACE-FIX-2070123,Diall,Hardware,Fixings,Diall Spring Toggle 5x65mm 25pc,مثبتات Diall Spring Toggle 5x65mm 25pc,pcs,39,Ace Hardware UAE,https://www.aceuae.com/en-ae/diall-spring-toggle-5x65mm-25pc/2070123.html,,2,TRUE,2026-04-28
436,ACE-TOL-2301202,Black+Decker,Tools,Power Tools,Black+Decker Cordless Compact 2-Gear Hammer Drill Kit 18V,أداة Black+Decker Cordless Compact 2-Gear Hammer Drill Kit 18V,pcs,549,Ace Hardware UAE,https://www.aceuae.com/en-ae/blackplusdecker-cordless-compact-2-gear-hammer-drill-kit-18v/2301202.html,,2,TRUE,2026-04-28
437,ACE-TOL-2301203,Black+Decker,Tools,Power Tools,Black+Decker Corded Hammer Drill 800W KR8542,أداة Black+Decker Corded Hammer Drill 800W KR8542,pcs,295,Ace Hardware UAE,https://www.aceuae.com/en-ae/blackplusdecker-corded-hammer-drill-800w-kr8542/2301203.html,,2,TRUE,2026-04-28
438,ACE-TOL-2301204,DeWalt,Tools,Power Tools,DeWalt Cordless Drill Driver 18V Brushless DCD777,أداة DeWalt Cordless Drill Driver 18V Brushless DCD777,pcs,749,Ace Hardware UAE,https://www.aceuae.com/en-ae/dewalt-cordless-drill-driver-18v-brushless-dcd777/2301204.html,,2,TRUE,2026-04-28
439,ACE-TOL-2301205,DeWalt,Tools,Power Tools,DeWalt Angle Grinder 125mm DWE4157,أداة DeWalt Angle Grinder 125mm DWE4157,pcs,545,Ace Hardware UAE,https://www.aceuae.com/en-ae/dewalt-angle-grinder-125mm-dwe4157/2301205.html,,2,TRUE,2026-04-28
440,ACE-TOL-2148766,Makita,Tools,Power Tools,Makita Drill & Screw Bits Set B-54520 100pc,أداة Makita Drill & Screw Bits Set B-54520 100pc,pcs,149,Ace Hardware UAE,https://www.aceuae.com/en-ae/makita-drill-&-screw-bits-set-b-54520-100pc/2148766.html,,2,TRUE,2026-04-28
441,ACE-TOL-2301206,Makita,Tools,Power Tools,Makita Cordless Impact Driver 18V DTD171,أداة Makita Cordless Impact Driver 18V DTD171,pcs,895,Ace Hardware UAE,https://www.aceuae.com/en-ae/makita-cordless-impact-driver-18v-dtd171/2301206.html,,2,TRUE,2026-04-28
442,ACE-TOL-2301207,Bosch,Tools,Power Tools,Bosch Hammer Drill GBH 2-26 DRE,أداة Bosch Hammer Drill GBH 2-26 DRE,pcs,595,Ace Hardware UAE,https://www.aceuae.com/en-ae/bosch-hammer-drill-gbh-2-26-dre/2301207.html,,2,TRUE,2026-04-28
443,ACE-TOL-2301208,Bosch,Tools,Power Tools,Bosch Cordless Drill GSR 12V-15,أداة Bosch Cordless Drill GSR 12V-15,pcs,395,Ace Hardware UAE,https://www.aceuae.com/en-ae/bosch-cordless-drill-gsr-12v-15/2301208.html,,2,TRUE,2026-04-28
444,ACE-TOL-2301209,Bosch,Tools,Hand Tools,Bosch Jigsaw GST 75 BE,أداة Bosch Jigsaw GST 75 BE,pcs,695,Ace Hardware UAE,https://www.aceuae.com/en-ae/bosch-jigsaw-gst-75-be/2301209.html,,2,TRUE,2026-04-28
445,ACE-TOL-2301210,Bosch,Tools,Power Tools,Bosch Circular Saw GKS 65,أداة Bosch Circular Saw GKS 65,pcs,745,Ace Hardware UAE,https://www.aceuae.com/en-ae/bosch-circular-saw-gks-65/2301210.html,,2,TRUE,2026-04-28
446,ACE-TOL-2148767,Universal,Tools,Power Tools,Universal Quick Change Hex Metal Drill Bit Set 7pc,أداة Universal Quick Change Hex Metal Drill Bit Set 7pc,pcs,39,Ace Hardware UAE,https://www.aceuae.com/en-ae/universal-quick-change-hex-metal-drill-bit-set-7pc/2148767.html,,2,TRUE,2026-04-28
447,ACE-TOL-2301220,HSS,Tools,Power Tools,HSS Drill Bit Set 19pc 1-10mm,أداة HSS Drill Bit Set 19pc 1-10mm,pcs,65,Ace Hardware UAE,https://www.aceuae.com/en-ae/hss-drill-bit-set-19pc-1-10mm/2301220.html,,2,TRUE,2026-04-28
448,ACE-TOL-2301221,Masonry,Tools,Power Tools,Masonry Drill Bit Set 5pc,أداة Masonry Drill Bit Set 5pc,pcs,35,Ace Hardware UAE,https://www.aceuae.com/en-ae/masonry-drill-bit-set-5pc/2301221.html,,2,TRUE,2026-04-28
449,ACE-TOL-2301230,Stanley,Tools,Hand Tools,Stanley Tape Measure 5m,أداة Stanley Tape Measure 5m,pcs,19,Ace Hardware UAE,https://www.aceuae.com/en-ae/stanley-tape-measure-5m/2301230.html,,2,TRUE,2026-04-28
450,ACE-TOL-2301231,Stanley,Tools,Hand Tools,Stanley Tape Measure 8m,أداة Stanley Tape Measure 8m,pcs,29,Ace Hardware UAE,https://www.aceuae.com/en-ae/stanley-tape-measure-8m/2301231.html,,2,TRUE,2026-04-28
451,ACE-TOL-2301232,Stanley,Tools,Hand Tools,Stanley Spirit Level 60cm,أداة Stanley Spirit Level 60cm,pcs,49,Ace Hardware UAE,https://www.aceuae.com/en-ae/stanley-spirit-level-60cm/2301232.html,,2,TRUE,2026-04-28
452,ACE-TOL-2301233,Stanley,Tools,Hand Tools,Stanley Hammer Claw 16oz,أداة Stanley Hammer Claw 16oz,pcs,45,Ace Hardware UAE,https://www.aceuae.com/en-ae/stanley-hammer-claw-16oz/2301233.html,,2,TRUE,2026-04-28
453,ACE-TOL-2301234,Stanley,Tools,Hand Tools,Stanley Screwdriver Set 6pc Phillips/Flat,أداة Stanley Screwdriver Set 6pc Phillips/Flat,pcs,65,Ace Hardware UAE,https://www.aceuae.com/en-ae/stanley-screwdriver-set-6pc-phillips-flat/2301234.html,,2,TRUE,2026-04-28
454,ACE-TOL-2301235,Stanley,Tools,Hand Tools,Stanley Utility Knife Heavy-Duty,أداة Stanley Utility Knife Heavy-Duty,pcs,35,Ace Hardware UAE,https://www.aceuae.com/en-ae/stanley-utility-knife-heavy-duty/2301235.html,,2,TRUE,2026-04-28
455,ACE-TOL-2301236,Stanley,Tools,Hand Tools,Stanley Pliers Combination 200mm,أداة Stanley Pliers Combination 200mm,pcs,39,Ace Hardware UAE,https://www.aceuae.com/en-ae/stanley-pliers-combination-200mm/2301236.html,,2,TRUE,2026-04-28
456,ACE-TOL-2301237,Stanley,Tools,Power Tools,Stanley Hand Saw 22-inch,أداة Stanley Hand Saw 22-inch,pcs,45,Ace Hardware UAE,https://www.aceuae.com/en-ae/stanley-hand-saw-22-inch/2301237.html,,2,TRUE,2026-04-28
457,ACE-TOL-2301240,Suki,Tools,Hand Tools,Suki Multi-tool Set 25pc,أداة Suki Multi-tool Set 25pc,pcs,75,Ace Hardware UAE,https://www.aceuae.com/en-ae/suki-multi-tool-set-25pc/2301240.html,,2,TRUE,2026-04-28
458,ACE-TOL-2301241,Craftsman,Tools,Hand Tools,Craftsman Socket Set 1/4-inch 22pc,أداة Craftsman Socket Set 1/4-inch 22pc,pcs,195,Ace Hardware UAE,https://www.aceuae.com/en-ae/craftsman-socket-set-1-4-inch-22pc/2301241.html,,2,TRUE,2026-04-28
459,ACE-TOL-2301242,Wera,Tools,Hand Tools,Wera Screwdriver Set 6pc Lasertip,أداة Wera Screwdriver Set 6pc Lasertip,pcs,245,Ace Hardware UAE,https://www.aceuae.com/en-ae/wera-screwdriver-set-6pc-lasertip/2301242.html,,2,TRUE,2026-04-28
460,ACE-TOL-2301243,Knipex,Tools,Hand Tools,Knipex Pliers Set 3pc,أداة Knipex Pliers Set 3pc,pcs,395,Ace Hardware UAE,https://www.aceuae.com/en-ae/knipex-pliers-set-3pc/2301243.html,,2,TRUE,2026-04-28
461,GYP-3001,Gyproc / Saint-Gobain,Drywall & Ceilings,Plasterboard,Gyproc WallBoard 12.5mm 1200x2400,جيبروك Gyproc WallBoard 12.5mm 1200x2400,sqm,35,Saint-Gobain Gyproc,https://www.gyproc.ae/products/wallboard,,10,TRUE,2026-04-28
462,GYP-3002,Gyproc / Saint-Gobain,Drywall & Ceilings,Plasterboard,Gyproc WallBoard 9.5mm 1200x2400,جيبروك Gyproc WallBoard 9.5mm 1200x2400,sqm,28,Saint-Gobain Gyproc,https://www.gyproc.ae/products/wallboard,,10,TRUE,2026-04-28
463,GYP-3003,Gyproc / Saint-Gobain,Drywall & Ceilings,Plasterboard,Gyproc WallBoard 15mm 1200x2400,جيبروك Gyproc WallBoard 15mm 1200x2400,sqm,42,Saint-Gobain Gyproc,https://www.gyproc.ae/products/wallboard,,10,TRUE,2026-04-28
464,GYP-3004,Gyproc / Saint-Gobain,Drywall & Ceilings,Fire-rated Board,Gyproc FireLine 12.5mm 1200x2400 Pink,جيبروك Gyproc FireLine 12.5mm 1200x2400 Pink,sqm,48,Saint-Gobain Gyproc,https://www.gyproc.ae/products/fireline,,10,TRUE,2026-04-28
465,GYP-3005,Gyproc / Saint-Gobain,Drywall & Ceilings,Fire-rated Board,Gyproc FireLine 15mm 1200x2400 Pink,جيبروك Gyproc FireLine 15mm 1200x2400 Pink,sqm,58,Saint-Gobain Gyproc,https://www.gyproc.ae/products/fireline,,10,TRUE,2026-04-28
466,GYP-3006,Gyproc / Saint-Gobain,Drywall & Ceilings,Acoustic Board,Gyproc SoundBloc 12.5mm 1200x2400 Blue,جيبروك Gyproc SoundBloc 12.5mm 1200x2400 Blue,sqm,55,Saint-Gobain Gyproc,https://www.gyproc.ae/products/soundbloc,,10,TRUE,2026-04-28
467,GYP-3007,Gyproc / Saint-Gobain,Drywall & Ceilings,Acoustic Board,Gyproc SoundBloc 15mm 1200x2400 Blue,جيبروك Gyproc SoundBloc 15mm 1200x2400 Blue,sqm,65,Saint-Gobain Gyproc,https://www.gyproc.ae/products/soundbloc,,10,TRUE,2026-04-28
468,GYP-3008,Gyproc / Saint-Gobain,Drywall & Ceilings,MR Board,Gyproc Moisture Resistant 12.5mm 1200x2400 Green,جيبروك Gyproc Moisture Resistant 12.5mm 1200x2400 Green,sqm,49,Saint-Gobain Gyproc,https://www.gyproc.ae/products/moisture,,10,TRUE,2026-04-28
469,GYP-3009,Gyproc / Saint-Gobain,Drywall & Ceilings,High-Impact Board,Gyproc Habito Board 12.5mm 1200x2400 High-impact,جيبروك Gyproc Habito Board 12.5mm 1200x2400 High-impact,sqm,79,Saint-Gobain Gyproc,https://www.gyproc.ae/products/habito,,10,TRUE,2026-04-28
470,GYP-3010,Gyproc / Saint-Gobain,Drywall & Ceilings,Aerated Board,Gyproc Lite RG EN 12.5mm 1200x2400,جيبروك Gyproc Lite RG EN 12.5mm 1200x2400,sqm,42,Saint-Gobain Gyproc,https://www.gyproc.ae/products/lite,,10,TRUE,2026-04-28
471,GYP-3011,Gyproc / Saint-Gobain,Drywall & Ceilings,Exterior Board,Glasroc X Exterior Sheathing 12.5mm 1200x2400,جيبروك Glasroc X Exterior Sheathing 12.5mm 1200x2400,sqm,89,Saint-Gobain Gyproc,https://www.gyproc.ae/products/x,,10,TRUE,2026-04-28
472,GYP-3012,Gyproc / Saint-Gobain,Drywall & Ceilings,Fireproof Board,Glasroc F Fireproof Board 15mm 1200x2400,جيبروك Glasroc F Fireproof Board 15mm 1200x2400,sqm,95,Saint-Gobain Gyproc,https://www.gyproc.ae/products/f,,10,TRUE,2026-04-28
473,GYP-3013,Gyproc / Saint-Gobain,Drywall & Ceilings,Suspended Ceiling Tile,Gyptone Plain Plasterboard Ceiling 600x600,جيبروك Gyptone Plain Plasterboard Ceiling 600x600,pcs,22,Saint-Gobain Gyproc,https://www.gyproc.ae/products/plain,,10,TRUE,2026-04-28
474,GYP-3014,Gyproc / Saint-Gobain,Drywall & Ceilings,Acoustic Ceiling Tile,Gyptone Activ'Air Plain 600x600 Edge E,جيبروك Gyptone Activ'Air Plain 600x600 Edge E,pcs,28,Saint-Gobain Gyproc,https://www.gyproc.ae/products/activ'air,,10,TRUE,2026-04-28
475,GYP-3015,Gyproc / Saint-Gobain,Drywall & Ceilings,Perforated Acoustic Tile,Gyptone Quattro 22 Activ'Air 600x600,جيبروك Gyptone Quattro 22 Activ'Air 600x600,pcs,35,Saint-Gobain Gyproc,https://www.gyproc.ae/products/quattro,,10,TRUE,2026-04-28
476,GYP-3016,Gyproc / Saint-Gobain,Drywall & Ceilings,Perforated Acoustic Tile,Gyptone Sixto 60 Activ'Air 600x600,جيبروك Gyptone Sixto 60 Activ'Air 600x600,pcs,38,Saint-Gobain Gyproc,https://www.gyproc.ae/products/sixto,,10,TRUE,2026-04-28
477,GYP-3017,Gyproc / Saint-Gobain,Drywall & Ceilings,Vinyl Ceiling Tile,Gyprex Vinyl-faced Tile 600x600 Edge A,جيبروك Gyprex Vinyl-faced Tile 600x600 Edge A,pcs,18,Saint-Gobain Gyproc,https://www.gyproc.ae/products/vinyl-faced,,10,TRUE,2026-04-28
478,GYP-3018,Gyproc / Saint-Gobain,Drywall & Ceilings,Vinyl Ceiling Tile,Gyprex Vinyl-faced Tile 600x1200 Edge E,جيبروك Gyprex Vinyl-faced Tile 600x1200 Edge E,pcs,32,Saint-Gobain Gyproc,https://www.gyproc.ae/products/vinyl-faced,,10,TRUE,2026-04-28
479,GYP-3019,Gyproc / Saint-Gobain,Drywall & Ceilings,Perforated Seamless Board,Rigitone 8/18 Perforated Board 1200x2000,جيبروك Rigitone 8/18 Perforated Board 1200x2000,pcs,195,Saint-Gobain Gyproc,https://www.gyproc.ae/products/8/18,,10,TRUE,2026-04-28
480,GYP-3020,Gyproc / Saint-Gobain,Drywall & Ceilings,Perforated Seamless Board,Rigitone 12/25 Perforated Board 1200x2000,جيبروك Rigitone 12/25 Perforated Board 1200x2000,pcs,195,Saint-Gobain Gyproc,https://www.gyproc.ae/products/12/25,,10,TRUE,2026-04-28
481,GYP-3021,Gyproc / Saint-Gobain,Drywall & Ceilings,Ceiling Grid,Gyptone GRID Concealed Profile 3.6m,جيبروك Gyptone GRID Concealed Profile 3.6m,pcs,45,Saint-Gobain Gyproc,https://www.gyproc.ae/products/grid,,10,TRUE,2026-04-28
482,GYP-3022,Gyproc / Saint-Gobain,Drywall & Ceilings,Suspended Ceiling Kit,Gyproc MF Ceiling System Set 10sqm,جيبروك Gyproc MF Ceiling System Set 10sqm,pcs,395,Saint-Gobain Gyproc,https://www.gyproc.ae/products/mf,,10,TRUE,2026-04-28
483,GYP-3023,Gyproc / Saint-Gobain,Drywall & Ceilings,Stud,Gypframe AcouStud 70mm 3.6m,جيبروك Gypframe AcouStud 70mm 3.6m,pcs,28,Saint-Gobain Gyproc,https://www.gyproc.ae/products/acoustud,,10,TRUE,2026-04-28
484,GYP-3024,Gyproc / Saint-Gobain,Drywall & Ceilings,Stud,Gypframe AcouStud 92mm 3.6m,جيبروك Gypframe AcouStud 92mm 3.6m,pcs,32,Saint-Gobain Gyproc,https://www.gyproc.ae/products/acoustud,,10,TRUE,2026-04-28
485,GYP-3025,Gyproc / Saint-Gobain,Drywall & Ceilings,Stud,Gypframe AcouStud 146mm 3.6m,جيبروك Gypframe AcouStud 146mm 3.6m,pcs,42,Saint-Gobain Gyproc,https://www.gyproc.ae/products/acoustud,,10,TRUE,2026-04-28
486,GYP-3026,Gyproc / Saint-Gobain,Drywall & Ceilings,Channel,Gypframe Channel U-Track 70mm 3.6m,جيبروك Gypframe Channel U-Track 70mm 3.6m,pcs,24,Saint-Gobain Gyproc,https://www.gyproc.ae/products/channel,,10,TRUE,2026-04-28
487,GYP-3027,Gyproc / Saint-Gobain,Drywall & Ceilings,Channel,Gypframe Channel U-Track 92mm 3.6m,جيبروك Gypframe Channel U-Track 92mm 3.6m,pcs,28,Saint-Gobain Gyproc,https://www.gyproc.ae/products/channel,,10,TRUE,2026-04-28
488,GYP-3028,Gyproc / Saint-Gobain,Drywall & Ceilings,T-Grid Main,Gypframe Eco T Main Runner 3.6m,جيبروك Gypframe Eco T Main Runner 3.6m,pcs,22,Saint-Gobain Gyproc,https://www.gyproc.ae/products/eco,,10,TRUE,2026-04-28
489,GYP-3029,Gyproc / Saint-Gobain,Drywall & Ceilings,T-Grid Cross,Gypframe Eco T Cross Tee 1200mm,جيبروك Gypframe Eco T Cross Tee 1200mm,pcs,8,Saint-Gobain Gyproc,https://www.gyproc.ae/products/eco,,10,TRUE,2026-04-28
490,GYP-3030,Gyproc / Saint-Gobain,Drywall & Ceilings,Wall Angle,Gyproc L-Angle Wall Trim 3m,جيبروك Gyproc L-Angle Wall Trim 3m,pcs,12,Saint-Gobain Gyproc,https://www.gyproc.ae/products/l-angle,,10,TRUE,2026-04-28
491,GYP-3031,Gyproc / Saint-Gobain,Drywall & Ceilings,Drywall Screw,Gyproc Drywall Screw 25mm Box 1000pc,جيبروك Gyproc Drywall Screw 25mm Box 1000pc,box,45,Saint-Gobain Gyproc,https://www.gyproc.ae/products/drywall,,10,TRUE,2026-04-28
492,GYP-3032,Gyproc / Saint-Gobain,Drywall & Ceilings,Drywall Screw,Gyproc Drywall Screw 35mm Box 1000pc,جيبروك Gyproc Drywall Screw 35mm Box 1000pc,box,55,Saint-Gobain Gyproc,https://www.gyproc.ae/products/drywall,,10,TRUE,2026-04-28
493,GYP-3033,Gyproc / Saint-Gobain,Drywall & Ceilings,Self-drilling Screw,Gyproc Jack-Point Screw 13mm Box 1000pc,جيبروك Gyproc Jack-Point Screw 13mm Box 1000pc,box,65,Saint-Gobain Gyproc,https://www.gyproc.ae/products/jack-point,,10,TRUE,2026-04-28
494,GYP-3034,Gyproc / Saint-Gobain,Drywall & Ceilings,Waferhead Screw,Gyproc Waferhead Screw 25mm Box 500pc,جيبروك Gyproc Waferhead Screw 25mm Box 500pc,box,55,Saint-Gobain Gyproc,https://www.gyproc.ae/products/waferhead,,10,TRUE,2026-04-28
495,GYP-3035,Gyproc / Saint-Gobain,Drywall & Ceilings,Joint Tape,Gyproc Paper Joint Tape 75m roll,جيبروك Gyproc Paper Joint Tape 75m roll,roll,18,Saint-Gobain Gyproc,https://www.gyproc.ae/products/paper,,10,TRUE,2026-04-28
496,GYP-3036,Gyproc / Saint-Gobain,Drywall & Ceilings,Mesh Tape,Gyproc Fibre Mesh Tape 90m roll,جيبروك Gyproc Fibre Mesh Tape 90m roll,roll,22,Saint-Gobain Gyproc,https://www.gyproc.ae/products/fibre,,10,TRUE,2026-04-28
497,GYP-3037,Gyproc / Saint-Gobain,Drywall & Ceilings,Corner Tape,Gyproc Metal Corner Tape 30m roll,جيبروك Gyproc Metal Corner Tape 30m roll,roll,32,Saint-Gobain Gyproc,https://www.gyproc.ae/products/metal,,10,TRUE,2026-04-28
498,GYP-3038,Gyproc / Saint-Gobain,Drywall & Ceilings,Corner Bead,Gyproc Standard Corner Bead 3m,جيبروك Gyproc Standard Corner Bead 3m,pcs,12,Saint-Gobain Gyproc,https://www.gyproc.ae/products/standard,,10,TRUE,2026-04-28
499,GYP-3039,Gyproc / Saint-Gobain,Drywall & Ceilings,Joint Filler,Gyproc Joint Compound 25kg,جيبروك Gyproc Joint Compound 25kg,bag,65,Saint-Gobain Gyproc,https://www.gyproc.ae/products/joint,,10,TRUE,2026-04-28
500,GYP-3040,Gyproc / Saint-Gobain,Drywall & Ceilings,Tape,Glasroc X Tape 50m roll,جيبروك Glasroc X Tape 50m roll,roll,35,Saint-Gobain Gyproc,https://www.gyproc.ae/products/x,,10,TRUE,2026-04-28
501,SKM-MSKM410A-12CEP5,SKM,HVAC,Split AC,"SKM Decorative Split AC 1 Ton 12,000 BTU R410A, made in UAE, 5-year compressor warranty","مكيف SKM Decorative Split AC 1 Ton 12,000 BTU R410A، صنع في الإمارات",pcs,1599,SKM Air Conditioning,https://www.skm-skb.com/products/,,10,TRUE,2026-04-28
502,SKM-MSKM410A-12CEP5-INV,SKM,HVAC,Inverter Split AC,"SKM Decorative Inverter Split AC 1 Ton 12,000 BTU, made in UAE, 5-year compressor warranty","مكيف SKM Decorative Inverter Split AC 1 Ton 12,000 BTU، صنع في الإمارات",pcs,2199,SKM Air Conditioning,https://www.skm-skb.com/products/,,10,TRUE,2026-04-28
503,SKM-MSKM410A-18CEP5,SKM,HVAC,Split AC,"SKM Decorative Split AC 1.5 Ton 18,000 BTU R410A, made in UAE, 5-year compressor warranty","مكيف SKM Decorative Split AC 1.5 Ton 18,000 BTU R410A، صنع في الإمارات",pcs,1995,SKM Air Conditioning,https://www.skm-skb.com/products/,,10,TRUE,2026-04-28
504,SKM-MSKM410A-18CEP5-INV,SKM,HVAC,Inverter Split AC,"SKM Decorative Inverter Split AC 1.5 Ton 18,000 BTU, made in UAE, 5-year compressor warranty","مكيف SKM Decorative Inverter Split AC 1.5 Ton 18,000 BTU، صنع في الإمارات",pcs,2595,SKM Air Conditioning,https://www.skm-skb.com/products/,,10,TRUE,2026-04-28
505,SKM-MSKM410A-24CEP5,SKM,HVAC,Split AC,"SKM Decorative Split AC 2 Ton 24,000 BTU R410A, made in UAE, 5-year compressor warranty","مكيف SKM Decorative Split AC 2 Ton 24,000 BTU R410A، صنع في الإمارات",pcs,2495,SKM Air Conditioning,https://www.skm-skb.com/products/,,10,TRUE,2026-04-28
506,SKM-MSKM410A-24CEP5-INV,SKM,HVAC,Inverter Split AC,"SKM Decorative Inverter Split AC 2 Ton 24,000 BTU, made in UAE, 5-year compressor warranty","مكيف SKM Decorative Inverter Split AC 2 Ton 24,000 BTU، صنع في الإمارات",pcs,3199,SKM Air Conditioning,https://www.skm-skb.com/products/,,10,TRUE,2026-04-28
507,SKM-MSKM410A-30CA,SKM,HVAC,Split AC,"SKM Decorative Split AC 2.5 Ton 30,000 BTU R410A, made in UAE, 5-year compressor warranty","مكيف SKM Decorative Split AC 2.5 Ton 30,000 BTU R410A، صنع في الإمارات",pcs,2995,SKM Air Conditioning,https://www.skm-skb.com/products/,,10,TRUE,2026-04-28
508,SKM-MSKM410A-30CA-INV,SKM,HVAC,Inverter Split AC,"SKM Decorative Inverter Split AC 2.5 Ton 30,000 BTU, made in UAE, 5-year compressor warranty","مكيف SKM Decorative Inverter Split AC 2.5 Ton 30,000 BTU، صنع في الإمارات",pcs,3699,SKM Air Conditioning,https://www.skm-skb.com/products/,,10,TRUE,2026-04-28
509,SKM-MSKM410A-36CEP5N,SKM,HVAC,Split AC,"SKM Decorative Split AC 3 Ton 36,000 BTU R410A, made in UAE, 5-year compressor warranty","مكيف SKM Decorative Split AC 3 Ton 36,000 BTU R410A، صنع في الإمارات",pcs,3795,SKM Air Conditioning,https://www.skm-skb.com/products/,,10,TRUE,2026-04-28
510,SKM-MSKM410A-36CEP5N-INV,SKM,HVAC,Inverter Split AC,"SKM Decorative Inverter Split AC 3 Ton 36,000 BTU, made in UAE, 5-year compressor warranty","مكيف SKM Decorative Inverter Split AC 3 Ton 36,000 BTU، صنع في الإمارات",pcs,4495,SKM Air Conditioning,https://www.skm-skb.com/products/,,10,TRUE,2026-04-28
511,SKM-MSKM410A-48CEP5,SKM,HVAC,Split AC,"SKM Decorative Split AC 4 Ton 48,000 BTU R410A, made in UAE, 5-year compressor warranty","مكيف SKM Decorative Split AC 4 Ton 48,000 BTU R410A، صنع في الإمارات",pcs,5995,SKM Air Conditioning,https://www.skm-skb.com/products/,,10,TRUE,2026-04-28
512,SKM-MSKM410A-60CEP5,SKM,HVAC,Split AC,"SKM Decorative Split AC 5 Ton 60,000 BTU R410A, made in UAE, 5-year compressor warranty","مكيف SKM Decorative Split AC 5 Ton 60,000 BTU R410A، صنع في الإمارات",pcs,8195,SKM Air Conditioning,https://www.skm-skb.com/products/,,10,TRUE,2026-04-28
513,SKM-MSKM410A-12LV,SKM,HVAC,Low-voltage Split,"SKM Low-voltage Split AC 1 Ton 12,000 BTU, made in UAE, 5-year compressor warranty","مكيف SKM Low-voltage Split AC 1 Ton 12,000 BTU، صنع في الإمارات",pcs,1849,SKM Air Conditioning,https://www.skm-skb.com/products/,,10,TRUE,2026-04-28
514,SKM-MSKM410A-18LV,SKM,HVAC,Low-voltage Split,"SKM Low-voltage Split AC 1.5 Ton 18,000 BTU, made in UAE, 5-year compressor warranty","مكيف SKM Low-voltage Split AC 1.5 Ton 18,000 BTU، صنع في الإمارات",pcs,2249,SKM Air Conditioning,https://www.skm-skb.com/products/,,10,TRUE,2026-04-28
515,SKM-MSKM410A-24TC,SKM,HVAC,Tropical Split,"SKM Tropical Climate Split AC 2 Ton 24,000 BTU, made in UAE, 5-year compressor warranty","مكيف SKM Tropical Climate Split AC 2 Ton 24,000 BTU، صنع في الإمارات",pcs,2849,SKM Air Conditioning,https://www.skm-skb.com/products/,,10,TRUE,2026-04-28
516,SKM-MSKM410A-30TC,SKM,HVAC,Tropical Split,"SKM Tropical Climate Split AC 2.5 Ton 30,000 BTU, made in UAE, 5-year compressor warranty","مكيف SKM Tropical Climate Split AC 2.5 Ton 30,000 BTU، صنع في الإمارات",pcs,3249,SKM Air Conditioning,https://www.skm-skb.com/products/,,10,TRUE,2026-04-28
517,SKM-DSKM410A-24CB,SKM,HVAC,Ducted Split AC,"SKM Ducted Concealed AC 2 Ton 24,000 BTU R410A, made in UAE, 5-year compressor warranty","مكيف SKM Ducted Concealed AC 2 Ton 24,000 BTU R410A، صنع في الإمارات",pcs,4295,SKM Air Conditioning,https://www.skm-skb.com/products/,,10,TRUE,2026-04-28
518,SKM-DSKM410A-36CB,SKM,HVAC,Ducted Split AC,"SKM Ducted Concealed AC 3 Ton 36,000 BTU R410A, made in UAE, 5-year compressor warranty","مكيف SKM Ducted Concealed AC 3 Ton 36,000 BTU R410A، صنع في الإمارات",pcs,5495,SKM Air Conditioning,https://www.skm-skb.com/products/,,10,TRUE,2026-04-28
519,SKM-DSKM410A-48CB,SKM,HVAC,Ducted Split AC,"SKM Ducted Concealed AC 4 Ton 48,000 BTU R410A, made in UAE, 5-year compressor warranty","مكيف SKM Ducted Concealed AC 4 Ton 48,000 BTU R410A، صنع في الإمارات",pcs,6995,SKM Air Conditioning,https://www.skm-skb.com/products/,,10,TRUE,2026-04-28
520,SKM-DSKM410A-60CB,SKM,HVAC,Ducted Split AC,"SKM Ducted Concealed AC 5 Ton 60,000 BTU R410A, made in UAE, 5-year compressor warranty","مكيف SKM Ducted Concealed AC 5 Ton 60,000 BTU R410A، صنع في الإمارات",pcs,8995,SKM Air Conditioning,https://www.skm-skb.com/products/,,10,TRUE,2026-04-28
521,SKM-DSKM410A-90CB,SKM,HVAC,Ducted Split AC,"SKM Ducted Concealed AC 7.5 Ton 90,000 BTU, made in UAE, 5-year compressor warranty","مكيف SKM Ducted Concealed AC 7.5 Ton 90,000 BTU، صنع في الإمارات",pcs,13995,SKM Air Conditioning,https://www.skm-skb.com/products/,,10,TRUE,2026-04-28
522,SKM-DSKM410A-120CB,SKM,HVAC,Ducted Split AC,"SKM Ducted Concealed AC 10 Ton 120,000 BTU, made in UAE, 5-year compressor warranty","مكيف SKM Ducted Concealed AC 10 Ton 120,000 BTU، صنع في الإمارات",pcs,17995,SKM Air Conditioning,https://www.skm-skb.com/products/,,10,TRUE,2026-04-28
523,SKM-CSKM-DUCT-200,SKM,HVAC,Ducting,"SKM Insulated Flexible Duct 200mm x 10m, made in UAE, 5-year compressor warranty",مكيف SKM Insulated Flexible Duct 200mm x 10m، صنع في الإمارات,pcs,245,SKM Air Conditioning,https://www.skm-skb.com/products/,,10,TRUE,2026-04-28
524,SKM-CSKM-DUCT-300,SKM,HVAC,Ducting,"SKM Insulated Flexible Duct 300mm x 10m, made in UAE, 5-year compressor warranty",مكيف SKM Insulated Flexible Duct 300mm x 10m، صنع في الإمارات,pcs,345,SKM Air Conditioning,https://www.skm-skb.com/products/,,10,TRUE,2026-04-28
525,SKM-CASS-410A-18,SKM,HVAC,Cassette AC,"SKM Ceiling Cassette AC 1.5 Ton 18,000 BTU 4-Way, made in UAE, 5-year compressor warranty","مكيف SKM Ceiling Cassette AC 1.5 Ton 18,000 BTU 4-Way، صنع في الإمارات",pcs,3495,SKM Air Conditioning,https://www.skm-skb.com/products/,,10,TRUE,2026-04-28
526,SKM-CASS-410A-24,SKM,HVAC,Cassette AC,"SKM Ceiling Cassette AC 2 Ton 24,000 BTU 4-Way, made in UAE, 5-year compressor warranty","مكيف SKM Ceiling Cassette AC 2 Ton 24,000 BTU 4-Way، صنع في الإمارات",pcs,4295,SKM Air Conditioning,https://www.skm-skb.com/products/,,10,TRUE,2026-04-28
527,SKM-CASS-410A-36,SKM,HVAC,Cassette AC,"SKM Ceiling Cassette AC 3 Ton 36,000 BTU 4-Way, made in UAE, 5-year compressor warranty","مكيف SKM Ceiling Cassette AC 3 Ton 36,000 BTU 4-Way، صنع في الإمارات",pcs,5295,SKM Air Conditioning,https://www.skm-skb.com/products/,,10,TRUE,2026-04-28
528,SKM-WSKM-410-18,SKM,HVAC,Window AC,"SKM Window AC 1.5 Ton 18,000 BTU R410A, made in UAE, 5-year compressor warranty","مكيف SKM Window AC 1.5 Ton 18,000 BTU R410A، صنع في الإمارات",pcs,1495,SKM Air Conditioning,https://www.skm-skb.com/products/,,10,TRUE,2026-04-28
529,SKM-WSKM-410-24,SKM,HVAC,Window AC,"SKM Window AC 2 Ton 24,000 BTU R410A, made in UAE, 5-year compressor warranty","مكيف SKM Window AC 2 Ton 24,000 BTU R410A، صنع في الإمارات",pcs,1895,SKM Air Conditioning,https://www.skm-skb.com/products/,,10,TRUE,2026-04-28
530,SKM-WSKM-410-12,SKM,HVAC,Window AC,"SKM Window AC 1 Ton 12,000 BTU R410A, made in UAE, 5-year compressor warranty","مكيف SKM Window AC 1 Ton 12,000 BTU R410A، صنع في الإمارات",pcs,1195,SKM Air Conditioning,https://www.skm-skb.com/products/,,10,TRUE,2026-04-28
531,MGT-3501,Marble & Granite Trading,Stone & Slabs,Marble Slab,Carrara White Marble Slab 20mm Polished (Carrara White),بلاطة Carrara White رخام طبيعي صقيل,sqm,695,Marble & Granite Trading LLC (Sharjah),https://www.independentmarble.com/products,,14,TRUE,2026-04-28
532,MGT-3502,Marble & Granite Trading,Stone & Slabs,Marble Slab,Calacatta Gold Marble Slab 20mm Polished (Calacatta Gold),بلاطة Calacatta Gold رخام طبيعي صقيل,sqm,1450,Marble & Granite Trading LLC (Sharjah),https://www.independentmarble.com/products,,14,TRUE,2026-04-28
533,MGT-3503,Marble & Granite Trading,Stone & Slabs,Marble Slab,Statuario White Marble Slab 20mm Polished (Statuario),بلاطة Statuario رخام طبيعي صقيل,sqm,1850,Marble & Granite Trading LLC (Sharjah),https://www.independentmarble.com/products,,14,TRUE,2026-04-28
534,MGT-3504,Marble & Granite Trading,Stone & Slabs,Marble Slab,Crema Marfil Marble Slab 20mm Polished (Crema Marfil),بلاطة Crema Marfil رخام طبيعي صقيل,sqm,595,Marble & Granite Trading LLC (Sharjah),https://www.independentmarble.com/products,,14,TRUE,2026-04-28
535,MGT-3505,Marble & Granite Trading,Stone & Slabs,Marble Slab,Emperador Dark Marble Slab 20mm Polished (Emperador Dark),بلاطة Emperador Dark رخام طبيعي صقيل,sqm,645,Marble & Granite Trading LLC (Sharjah),https://www.independentmarble.com/products,,14,TRUE,2026-04-28
536,MGT-3506,Marble & Granite Trading,Stone & Slabs,Marble Slab,Emperador Light Marble Slab 20mm Polished (Emperador Light),بلاطة Emperador Light رخام طبيعي صقيل,sqm,595,Marble & Granite Trading LLC (Sharjah),https://www.independentmarble.com/products,,14,TRUE,2026-04-28
537,MGT-3507,Marble & Granite Trading,Stone & Slabs,Travertine Slab,Beige Travertine Slab 20mm Honed (Travertine Beige),بلاطة Travertine Beige رخام طبيعي صقيل,sqm,425,Marble & Granite Trading LLC (Sharjah),https://www.independentmarble.com/products,,14,TRUE,2026-04-28
538,MGT-3508,Marble & Granite Trading,Stone & Slabs,Marble Slab,Black Marquina Marble Slab 20mm Polished (Black Marquina),بلاطة Black Marquina رخام طبيعي صقيل,sqm,745,Marble & Granite Trading LLC (Sharjah),https://www.independentmarble.com/products,,14,TRUE,2026-04-28
539,MGT-3509,Marble & Granite Trading,Stone & Slabs,Marble Slab,Botticino Classico Marble Slab 20mm Polished (Botticino),بلاطة Botticino رخام طبيعي صقيل,sqm,525,Marble & Granite Trading LLC (Sharjah),https://www.independentmarble.com/products,,14,TRUE,2026-04-28
540,MGT-3510,Marble & Granite Trading,Stone & Slabs,Onyx Slab,Onyx White Slab 20mm Polished Backlit (White Onyx),بلاطة White Onyx رخام طبيعي صقيل,sqm,2450,Marble & Granite Trading LLC (Sharjah),https://www.independentmarble.com/products,,14,TRUE,2026-04-28
541,MGT-3511,Marble & Granite Trading,Stone & Slabs,Onyx Slab,Onyx Honey Slab 20mm Polished Backlit (Honey Onyx),بلاطة Honey Onyx رخام طبيعي صقيل,sqm,2295,Marble & Granite Trading LLC (Sharjah),https://www.independentmarble.com/products,,14,TRUE,2026-04-28
542,MGT-3512,Marble & Granite Trading,Stone & Slabs,Marble Slab,Volakas White Marble Slab 20mm Polished (Volakas),بلاطة Volakas رخام طبيعي صقيل,sqm,875,Marble & Granite Trading LLC (Sharjah),https://www.independentmarble.com/products,,14,TRUE,2026-04-28
543,MGT-3513,Marble & Granite Trading,Stone & Slabs,Marble Slab,Bianco Sivec Marble Slab 20mm Polished (Bianco Sivec),بلاطة Bianco Sivec رخام طبيعي صقيل,sqm,1095,Marble & Granite Trading LLC (Sharjah),https://www.independentmarble.com/products,,14,TRUE,2026-04-28
544,MGT-3514,Marble & Granite Trading,Stone & Slabs,Marble Slab,Rosso Levanto Marble Slab 20mm Polished (Rosso Levanto),بلاطة Rosso Levanto رخام طبيعي صقيل,sqm,1295,Marble & Granite Trading LLC (Sharjah),https://www.independentmarble.com/products,,14,TRUE,2026-04-28
545,MGT-3515,Marble & Granite Trading,Stone & Slabs,Marble Slab,Calacatta Vagli Marble Slab 20mm Polished (Calacatta Vagli),بلاطة Calacatta Vagli رخام طبيعي صقيل,sqm,1695,Marble & Granite Trading LLC (Sharjah),https://www.independentmarble.com/products,,14,TRUE,2026-04-28
546,MGT-3516,Marble & Granite Trading,Stone & Slabs,Granite Slab,Black Galaxy Granite Slab 20mm Polished (Black Galaxy),بلاطة Black Galaxy رخام طبيعي صقيل,sqm,295,Marble & Granite Trading LLC (Sharjah),https://www.independentmarble.com/products,,14,TRUE,2026-04-28
547,MGT-3517,Marble & Granite Trading,Stone & Slabs,Granite Slab,Absolute Black Granite Slab 20mm Polished (Absolute Black),بلاطة Absolute Black رخام طبيعي صقيل,sqm,285,Marble & Granite Trading LLC (Sharjah),https://www.independentmarble.com/products,,14,TRUE,2026-04-28
548,MGT-3518,Marble & Granite Trading,Stone & Slabs,Granite Slab,Tan Brown Granite Slab 20mm Polished (Tan Brown),بلاطة Tan Brown رخام طبيعي صقيل,sqm,245,Marble & Granite Trading LLC (Sharjah),https://www.independentmarble.com/products,,14,TRUE,2026-04-28
549,MGT-3519,Marble & Granite Trading,Stone & Slabs,Granite Slab,Kashmir White Granite Slab 20mm Polished (Kashmir White),بلاطة Kashmir White رخام طبيعي صقيل,sqm,235,Marble & Granite Trading LLC (Sharjah),https://www.independentmarble.com/products,,14,TRUE,2026-04-28
550,MGT-3520,Marble & Granite Trading,Stone & Slabs,Granite Slab,Steel Grey Granite Slab 20mm Polished (Steel Grey),بلاطة Steel Grey رخام طبيعي صقيل,sqm,215,Marble & Granite Trading LLC (Sharjah),https://www.independentmarble.com/products,,14,TRUE,2026-04-28
551,MGT-3521,Marble & Granite Trading,Stone & Slabs,Granite Slab,Imperial Red Granite Slab 20mm Polished (Imperial Red),بلاطة Imperial Red رخام طبيعي صقيل,sqm,245,Marble & Granite Trading LLC (Sharjah),https://www.independentmarble.com/products,,14,TRUE,2026-04-28
552,MGT-3522,Marble & Granite Trading,Stone & Slabs,Granite Slab,Crema Bordeaux Granite Slab 20mm Polished (Crema Bordeaux),بلاطة Crema Bordeaux رخام طبيعي صقيل,sqm,265,Marble & Granite Trading LLC (Sharjah),https://www.independentmarble.com/products,,14,TRUE,2026-04-28
553,MGT-3523,Marble & Granite Trading,Stone & Slabs,Granite Slab,Verde Ubatuba Granite Slab 20mm Polished (Verde Ubatuba),بلاطة Verde Ubatuba رخام طبيعي صقيل,sqm,225,Marble & Granite Trading LLC (Sharjah),https://www.independentmarble.com/products,,14,TRUE,2026-04-28
554,MGT-3524,Marble & Granite Trading,Stone & Slabs,Granite Tile,Premium Granite Pre-cut Tile 60x60 (Mixed),بلاطة Mixed رخام طبيعي صقيل,sqm,195,Marble & Granite Trading LLC (Sharjah),https://www.independentmarble.com/products,,14,TRUE,2026-04-28
555,MGT-3525,Marble & Granite Trading,Stone & Slabs,Granite Slab,Custom Granite Cut-to-Size Slab (Custom),بلاطة Custom رخام طبيعي صقيل,sqm,350,Marble & Granite Trading LLC (Sharjah),https://www.independentmarble.com/products,,14,TRUE,2026-04-28
556,MGT-3526,Marble & Granite Trading,Stone & Slabs,Porcelain Slab,Porcelain Slab Calacatta Effect 1600x3200x12 (Calacatta Effect),بلاطة Calacatta Effect رخام طبيعي صقيل,sqm,595,Marble & Granite Trading LLC (Sharjah),https://www.independentmarble.com/products,,14,TRUE,2026-04-28
557,MGT-3527,Marble & Granite Trading,Stone & Slabs,Porcelain Slab,Porcelain Slab Statuario Effect 1600x3200x12 (Statuario Effect),بلاطة Statuario Effect رخام طبيعي صقيل,sqm,645,Marble & Granite Trading LLC (Sharjah),https://www.independentmarble.com/products,,14,TRUE,2026-04-28
558,MGT-3528,Marble & Granite Trading,Stone & Slabs,Porcelain Slab,Porcelain Slab Marquina Black 1600x3200x12 (Marquina Black),بلاطة Marquina Black رخام طبيعي صقيل,sqm,595,Marble & Granite Trading LLC (Sharjah),https://www.independentmarble.com/products,,14,TRUE,2026-04-28
559,MGT-3529,Marble & Granite Trading,Stone & Slabs,Porcelain Slab,Porcelain Slab Concrete Grey 1600x3200x12 (Concrete Grey),بلاطة Concrete Grey رخام طبيعي صقيل,sqm,525,Marble & Granite Trading LLC (Sharjah),https://www.independentmarble.com/products,,14,TRUE,2026-04-28
560,MGT-3530,Marble & Granite Trading,Stone & Slabs,Porcelain Slab,Porcelain Slab Travertine Beige 1600x3200x12 (Travertine Beige),بلاطة Travertine Beige رخام طبيعي صقيل,sqm,545,Marble & Granite Trading LLC (Sharjah),https://www.independentmarble.com/products,,14,TRUE,2026-04-28
561,GEB-111300005,Geberit,Sanitaryware,Concealed Cistern / Frame,Geberit Duofix Element Wall-hung WC 112cm w Sigma 12cm Cistern,جيبريت Duofix Element Wall-hung WC 112cm w Sigma 12cm Cistern,pcs,1495,Sanipex Group (Geberit UAE),https://sanipexgroup.com/brands/geberit/111.300.00.5,,14,TRUE,2026-04-28
562,GEB-111796001,Geberit,Sanitaryware,Concealed Cistern / Frame,Geberit Duofix Element Wall-hung WC 112cm w Sigma 8cm Cistern,جيبريت Duofix Element Wall-hung WC 112cm w Sigma 8cm Cistern,pcs,1395,Sanipex Group (Geberit UAE),https://sanipexgroup.com/brands/geberit/111.796.00.1,,14,TRUE,2026-04-28
563,GEB-111510001,Geberit,Sanitaryware,Concealed Cistern / Frame,Geberit Duofix Element Bidet 112cm Wall-hung,جيبريت Duofix Element Bidet 112cm Wall-hung,pcs,1095,Sanipex Group (Geberit UAE),https://sanipexgroup.com/brands/geberit/111.510.00.1,,14,TRUE,2026-04-28
564,GEB-111616001,Geberit,Sanitaryware,Concealed Cistern / Frame,Geberit Duofix Element Wall-hung Urinal 130cm,جيبريت Duofix Element Wall-hung Urinal 130cm,pcs,1295,Sanipex Group (Geberit UAE),https://sanipexgroup.com/brands/geberit/111.616.00.1,,14,TRUE,2026-04-28
565,GEB-115883KJ1,Geberit,Sanitaryware,Concealed Cistern / Frame,Geberit Sigma 30 Flush Plate White/Chrome,جيبريت Sigma 30 Flush Plate White/Chrome,pcs,745,Sanipex Group (Geberit UAE),https://sanipexgroup.com/brands/geberit/115.883.KJ.1,,14,TRUE,2026-04-28
566,GEB-115883161,Geberit,Sanitaryware,Concealed Cistern / Frame,Geberit Sigma 30 Flush Plate Black Matt,جيبريت Sigma 30 Flush Plate Black Matt,pcs,845,Sanipex Group (Geberit UAE),https://sanipexgroup.com/brands/geberit/115.883.16.1,,14,TRUE,2026-04-28
567,GEB-115886GH1,Geberit,Sanitaryware,Concealed Cistern / Frame,Geberit Sigma 21 Flush Plate Brushed Chrome,جيبريت Sigma 21 Flush Plate Brushed Chrome,pcs,985,Sanipex Group (Geberit UAE),https://sanipexgroup.com/brands/geberit/115.886.GH.1,,14,TRUE,2026-04-28
568,GEB-115125111,Geberit,Sanitaryware,Concealed Cistern / Frame,Geberit Delta30 Flush Plate White Alpine,جيبريت Delta30 Flush Plate White Alpine,pcs,245,Sanipex Group (Geberit UAE),https://sanipexgroup.com/brands/geberit/115.125.11.1,,14,TRUE,2026-04-28
569,GEB-115105211,Geberit,Sanitaryware,Concealed Cistern / Frame,Geberit Delta51 Flush Plate Bright Chrome,جيبريت Delta51 Flush Plate Bright Chrome,pcs,295,Sanipex Group (Geberit UAE),https://sanipexgroup.com/brands/geberit/115.105.21.1,,14,TRUE,2026-04-28
570,GEB-146210SI1,Geberit,Sanitaryware,Concealed Cistern / Frame,Geberit AquaClean Mera Comfort Shower Toilet,جيبريت AquaClean Mera Comfort Shower Toilet,pcs,12950,Sanipex Group (Geberit UAE),https://sanipexgroup.com/brands/geberit/146.210.SI.1,,14,TRUE,2026-04-28
571,HAF-31171521,Hafele,Hardware,Door & Cabinet Hardware,Hafele 110° Kitchen Cabinet Hinge Half Overlay 2pc,إكسسوار هافيله Hafele 110° Kitchen Cabinet Hinge Half Overlay 2pc,pcs,49,Hafele UAE,https://www.hafele.ae/en/product/311.71.521,,7,TRUE,2026-04-28
572,HAF-31171531,Hafele,Hardware,Door & Cabinet Hardware,Hafele 110° Kitchen Cabinet Hinge Full Overlay Soft-close 2pc,إكسسوار هافيله Hafele 110° Kitchen Cabinet Hinge Full Overlay Soft-close 2pc,pcs,89,Hafele UAE,https://www.hafele.ae/en/product/311.71.531,,7,TRUE,2026-04-28
573,HAF-31171541,Hafele,Hardware,Door & Cabinet Hardware,Hafele 165° Kitchen Cabinet Hinge Soft-close 2pc,إكسسوار هافيله Hafele 165° Kitchen Cabinet Hinge Soft-close 2pc,pcs,145,Hafele UAE,https://www.hafele.ae/en/product/311.71.541,,7,TRUE,2026-04-28
574,HAF-92795013,Hafele,Hardware,Door & Cabinet Hardware,Hafele Concealed Door Hinge 3D Adjustable,إكسسوار هافيله Hafele Concealed Door Hinge 3D Adjustable,pcs,245,Hafele UAE,https://www.hafele.ae/en/product/927.95.013,,7,TRUE,2026-04-28
575,HAF-11234620,Hafele,Hardware,Door & Cabinet Hardware,Hafele Door Handle Pull Stainless 256mm,إكسسوار هافيله Hafele Door Handle Pull Stainless 256mm,pcs,95,Hafele UAE,https://www.hafele.ae/en/product/112.34.620,,7,TRUE,2026-04-28
576,HAF-11234625,Hafele,Hardware,Door & Cabinet Hardware,Hafele Door Handle Pull Brass 320mm,إكسسوار هافيله Hafele Door Handle Pull Brass 320mm,pcs,145,Hafele UAE,https://www.hafele.ae/en/product/112.34.625,,7,TRUE,2026-04-28
577,HAF-90568230,Hafele,Hardware,Door & Cabinet Hardware,Hafele Tubular Door Handle 600mm Brushed,إكسسوار هافيله Hafele Tubular Door Handle 600mm Brushed,pcs,245,Hafele UAE,https://www.hafele.ae/en/product/905.68.230,,7,TRUE,2026-04-28
578,HAF-91110280,Hafele,Hardware,Door & Cabinet Hardware,Hafele Mortise Lock Set Stainless,إكسسوار هافيله Hafele Mortise Lock Set Stainless,pcs,195,Hafele UAE,https://www.hafele.ae/en/product/911.10.280,,7,TRUE,2026-04-28
579,HAF-43312840,Hafele,Hardware,Door & Cabinet Hardware,Hafele Soft-close Drawer Slide 450mm Pair,إكسسوار هافيله Hafele Soft-close Drawer Slide 450mm Pair,pcs,89,Hafele UAE,https://www.hafele.ae/en/product/433.12.840,,7,TRUE,2026-04-28
580,HAF-43312860,Hafele,Hardware,Door & Cabinet Hardware,Hafele Heavy-duty Drawer Slide 500mm Full Extension,إكسسوار هافيله Hafele Heavy-duty Drawer Slide 500mm Full Extension,pcs,145,Hafele UAE,https://www.hafele.ae/en/product/433.12.860,,7,TRUE,2026-04-28
581,SCH-MGU320118,Schneider Electric,Electrical,Switches/Sockets/MCB,Schneider Unica 1-Gang Switch 16A White,شنايدر Schneider Unica 1-Gang Switch 16A White,pcs,35,Scientechnic / ACE UAE (Schneider Electric),https://shop.scientechnic.com/products/mgu3.201.18,,3,TRUE,2026-04-28
582,SCH-MGU320218,Schneider Electric,Electrical,Switches/Sockets/MCB,Schneider Unica 2-Gang Switch 16A White,شنايدر Schneider Unica 2-Gang Switch 16A White,pcs,45,Scientechnic / ACE UAE (Schneider Electric),https://shop.scientechnic.com/products/mgu3.202.18,,3,TRUE,2026-04-28
583,SCH-MGU310318,Schneider Electric,Electrical,Switches/Sockets/MCB,Schneider Unica Universal Socket 13A White,شنايدر Schneider Unica Universal Socket 13A White,pcs,49,Scientechnic / ACE UAE (Schneider Electric),https://shop.scientechnic.com/products/mgu3.103.18,,3,TRUE,2026-04-28
584,SCH-MGU310618,Schneider Electric,Electrical,Switches/Sockets/MCB,Schneider Unica Double Socket 13A White,شنايدر Schneider Unica Double Socket 13A White,pcs,75,Scientechnic / ACE UAE (Schneider Electric),https://shop.scientechnic.com/products/mgu3.106.18,,3,TRUE,2026-04-28
585,SCH-EPH0100121,Schneider Electric,Electrical,Switches/Sockets/MCB,Schneider Asfora 1-Gang Switch 16A White,شنايدر Schneider Asfora 1-Gang Switch 16A White,pcs,22,Scientechnic / ACE UAE (Schneider Electric),https://shop.scientechnic.com/products/eph0100121,,3,TRUE,2026-04-28
586,SCH-EPH3100121,Schneider Electric,Electrical,Switches/Sockets/MCB,Schneider Asfora Universal Socket 13A White,شنايدر Schneider Asfora Universal Socket 13A White,pcs,29,Scientechnic / ACE UAE (Schneider Electric),https://shop.scientechnic.com/products/eph3100121,,3,TRUE,2026-04-28
587,SCH-EPH6400121,Schneider Electric,Electrical,Switches/Sockets/MCB,Schneider Asfora Dimmer 400W White,شنايدر Schneider Asfora Dimmer 400W White,pcs,95,Scientechnic / ACE UAE (Schneider Electric),https://shop.scientechnic.com/products/eph6400121,,3,TRUE,2026-04-28
588,SCH-A9F74132,Schneider Electric,Electrical,Switches/Sockets/MCB,Schneider Acti9 MCB 1P 32A C-Curve,شنايدر Schneider Acti9 MCB 1P 32A C-Curve,pcs,45,Scientechnic / ACE UAE (Schneider Electric),https://shop.scientechnic.com/products/a9f74132,,3,TRUE,2026-04-28
589,SCH-A9F74116,Schneider Electric,Electrical,Switches/Sockets/MCB,Schneider Acti9 MCB 1P 16A C-Curve,شنايدر Schneider Acti9 MCB 1P 16A C-Curve,pcs,38,Scientechnic / ACE UAE (Schneider Electric),https://shop.scientechnic.com/products/a9f74116,,3,TRUE,2026-04-28
590,SCH-EZ9D34632,Schneider Electric,Electrical,Switches/Sockets/MCB,Schneider Easy9 RCBO 1P+N 32A 30mA,شنايدر Schneider Easy9 RCBO 1P+N 32A 30mA,pcs,195,Scientechnic / ACE UAE (Schneider Electric),https://shop.scientechnic.com/products/ez9d34632,,3,TRUE,2026-04-28
591,HIK-DS2CD1043G0I,Hikvision,Security & CCTV,Camera/DVR/NVR,Hikvision DS-2CD1043G0-I 4MP IR Bullet IP Camera,هيكفيجن Hikvision DS-2CD1043G0-I 4MP IR Bullet IP Camera,pcs,200,Al Shiraa (Hikvision UAE Distributor),https://www.alshiraauae.com/product/ds-2cd1043g0-i,,3,TRUE,2026-04-28
592,HIK-DS2CD1053G0I,Hikvision,Security & CCTV,Camera/DVR/NVR,Hikvision DS-2CD1053G0-I 5MP IR Bullet IP Camera H.265+,هيكفيجن Hikvision DS-2CD1053G0-I 5MP IR Bullet IP Camera H.265+,pcs,285,Al Shiraa (Hikvision UAE Distributor),https://www.alshiraauae.com/product/ds-2cd1053g0-i,,3,TRUE,2026-04-28
593,HIK-DS2CD2142FWI,Hikvision,Security & CCTV,Camera/DVR/NVR,Hikvision DS-2CD2142FW-I 4MP 4mm PoE Dome Camera,هيكفيجن Hikvision DS-2CD2142FW-I 4MP 4mm PoE Dome Camera,pcs,480,Al Shiraa (Hikvision UAE Distributor),https://www.alshiraauae.com/product/ds-2cd2142fw-i,,3,TRUE,2026-04-28
594,HIK-DS2CD1121I,Hikvision,Security & CCTV,Camera/DVR/NVR,Hikvision DS-2CD1121-I 2MP 4mm IR Dome Camera,هيكفيجن Hikvision DS-2CD1121-I 2MP 4mm IR Dome Camera,pcs,170,Al Shiraa (Hikvision UAE Distributor),https://www.alshiraauae.com/product/ds-2cd1121-i,,3,TRUE,2026-04-28
595,HIK-DS2CD2T47G2HLISUSL,Hikvision,Security & CCTV,Camera/DVR/NVR,Hikvision DS-2CD2T47G2H-LISU/SL 4MP ColorVu Bullet,هيكفيجن Hikvision DS-2CD2T47G2H-LISU/SL 4MP ColorVu Bullet,pcs,715,Al Shiraa (Hikvision UAE Distributor),https://www.alshiraauae.com/product/ds-2cd2t47g2h-lisu-sl,,3,TRUE,2026-04-28
596,HIK-DS2CD2347G2LU,Hikvision,Security & CCTV,Camera/DVR/NVR,Hikvision DS-2CD2347G2-LU 4MP ColorVu Turret,هيكفيجن Hikvision DS-2CD2347G2-LU 4MP ColorVu Turret,pcs,695,Al Shiraa (Hikvision UAE Distributor),https://www.alshiraauae.com/product/ds-2cd2347g2-lu,,3,TRUE,2026-04-28
597,HIK-DS7204HQHIK1,Hikvision,Security & CCTV,Camera/DVR/NVR,Hikvision DS-7204HQHI-K1 4-Channel HD-TVI DVR,هيكفيجن Hikvision DS-7204HQHI-K1 4-Channel HD-TVI DVR,pcs,295,Al Shiraa (Hikvision UAE Distributor),https://www.alshiraauae.com/product/ds-7204hqhi-k1,,3,TRUE,2026-04-28
598,HIK-DS7608NIK2,Hikvision,Security & CCTV,Camera/DVR/NVR,Hikvision DS-7608NI-K2 8-Channel 4K NVR,هيكفيجن Hikvision DS-7608NI-K2 8-Channel 4K NVR,pcs,945,Al Shiraa (Hikvision UAE Distributor),https://www.alshiraauae.com/product/ds-7608ni-k2,,3,TRUE,2026-04-28
599,HIK-DS2CE16D0TIRPF,Hikvision,Security & CCTV,Camera/DVR/NVR,Hikvision DS-2CE16D0T-IRPF 2MP IR Bullet HD-TVI,هيكفيجن Hikvision DS-2CE16D0T-IRPF 2MP IR Bullet HD-TVI,pcs,95,Al Shiraa (Hikvision UAE Distributor),https://www.alshiraauae.com/product/ds-2ce16d0t-irpf,,3,TRUE,2026-04-28
600,HIK-DS2DE4225IWDE,Hikvision,Security & CCTV,Camera/DVR/NVR,Hikvision DS-2DE4225IW-DE PTZ 2MP 25x Zoom IP Camera,هيكفيجن Hikvision DS-2DE4225IW-DE PTZ 2MP 25x Zoom IP Camera,pcs,3450,Al Shiraa (Hikvision UAE Distributor),https://www.alshiraauae.com/product/ds-2de4225iw-de,,3,TRUE,2026-04-28
